Qty,Value,Device,Package,Mouser,Parts,Description,MF,MPN,OC_FARNELL,OC_NEWARK
1,ML10,ML10,ML10,CPLDSerial,SV2,HARTING,,,unknown,unknown
5,0.22uF,C-US,C063-025X075,CPLDSerial,"C41, C42, C43, C44, C45",Capacitors with funky DEC lead spacing.,,,,
1,SW_DIP-8,SW_DIP-8,EDG-08,32KOmnibus,S1,DIP SWITCH,,,,
1,10-XX,10-XX,B3F-10XX,Roland,SW2,OMRON SWITCH,,B3F-1000,176432,36M3542
2,100K,R-US_0207/10,0207/10,32KOmnibus,"R15, R24","RESISTOR, American symbol",,,,
20,100nF,C-US050-025X075,C050-025X075,Roland,"C1, C2, C3, C4, C5, C6, C8, C10, C11, C12, C13, C14, C15, C16, C17, C18, C19, C20, C21, C23, C24, C25, C26, C27, C28, C29, C31, C32, C33, C36, C37","CAPACITOR, American symbol",,,,
13,100nF,C-US050-025X075,C050-025X075,32KOmnibus,"C1, C2, C3, C4, C5, C6, C8, C10, C11, C12, C13, C14, C15, C16, C17, C18, C19, C20, C21, C23, C24, C25, C26, C27, C28, C29, C31, C32, C33, C36, C37","CAPACITOR, American symbol",,,,
1,10K,8R-P,DIL16,32KOmnibus,R23,DIL RESISTOR,,,,
1,10K,R-US_0207/10,0207/10,Roland,R19,"RESISTOR, American symbol",,,,
1,16.000MHz,CRYSTALHC49U-H,HC49U-H,Roland,Y1,CRYSTAL,,,1666973,unknown
1,19.661 MHz,QG5460,DIL08S,CPLDSerial,OSC,CRYSTAL RESONATOR,,,unknown,unknown
9,1K,R-US_0207/10,0207/10,Roland,"R1, R2, R3, R4, R8, R9, R16, R17, R20","RESISTOR, American symbol",,,,
1,1M,R-US_0207/10,0207/10,Roland,R18,"RESISTOR, American symbol",,,,
1,1N4148,1N4148DO35-10,DO35-10,Roland,D1,DIODE,,,,
1,200pF,C-US050-025X075,C050-025X075,32KOmnibus,C22,"CAPACITOR, American symbol",,,,
2,22pF,C-US050-025X075,C050-025X075,Roland,"C7, C9","CAPACITOR, American symbol",,,,
1,24LC1025P,24LC025P,DIL8,Roland,U11,Serial EEPROM,MICROCHIP,24LC025-I/P,unknown,92C7098
4,27R,R-US_0207/10,0207/10,Roland,"R5, R6, R10, R11","RESISTOR, American symbol",,,,
1,2N3904,2N3904,TO92,32KOmnibus,Q3,NPN TRANSISTOR,,,,
3,4.7K,R-US_0207/10,0207/10,Roland,"R7, R21, R22","RESISTOR, American symbol",,,,
1,47R,R-US_0207/10,0207/10,Roland,R12,"RESISTOR, American symbol",,,,
2,470R,R-US_0207/10,0207/10,Roland,"R13, R14","RESISTOR, American symbol",,,,
1,47K,G10R,SIL11,CPLDSerial,RN3,SIL RESISTOR,,,unknown,unknown
2,5K,G08R,SIL9,32KOmnibus,"RN1, RN2",SIL RESISTOR,,,unknown,unknown
3,6.8uF,CPOL-USE20-8AXIAL,E12-8,Stock,"C30, C34, C35",A 0.8 inch electrolytic.,,,,
2,62256,58C256P,DIL28-6,Stock,"E2, E5",MEMORY,,,,
2,62256,62832P,DIL28-3,Stock,"E2A, E5A",MEMORY,,,unknown,unknown
7,14 Pin DIP Socket,575-199314,DIL14,32KOmnibus,,,,,,
2,16 Pin DIP Socket,575-199316,DIL16,32KOmnibus,,,,,,
3,20 Pin DIP Socket,575-199320,DIL20,32KOmnibus,,,,,,
2,28 Pin Wide DIP Socket,575-199628,DIL28-6,32KOmnibus,,,,,,
2,28 Pin Narrow DIP Socket,575-199328,DIL28-3,32KOmnibus,,,,,,
2,28 Pin Narrow DIP Socket,575-199328,DIL28-3,Roland,,,,,,
1,74LS00N (132 OK?),74LS00N,DIL14,Roland,U9,Quad 2-input NAND gate,,,,
1,74LS10N,74LS10N,DIL14,32KOmnibus,E8,Triple 3-input NAND gate,,,,
1,74LS10N,74LS10N,DIL14,Roland,U8,Triple 3-input NAND gate,,,,
1,74LS151N,74LS151N,DIL16,32KOmnibus,E9,Data SELECTOR/MULTIPLEXER,,,,
2,74LS244N,74LS244N,DIL20,32KOmnibus,"E1, E7","Octal BUFFER and LINE DRIVER, 3-state",,,,
6,74LS38N,74LS38N,DIL14,32KOmnibus,"E3, E4, E10, E11, E12, E13","Quad 2-input NAND gate, open collector output",,,,
5,74LS38N,74LS38N,DIL14,Roland,"U3, U4, U5, U6, U7","Quad 2-input NAND gate, open collector output",,,,
1,74LS540N,74LS540N,DIL20,32KOmnibus,E6,"Octal BUFFER and LINE DRIVER, 3-state",,,,
1,ARDEBUG,MA03-2,MA03-2,Stock,SV1,PIN HEADER,,,unknown,unknown
1,ATF150X84,ATF150X84,PLCC84,CPLDSerial,E14,ATF150x in 84 pin package.,,,,
1,PCLCC84 Socket,ATF150X84,S84,CPLDSerial,E14,,,,,
2,BAT86,BAT19,DO35-10,32KOmnibus,"D2, D3",DIODE,,,,
2,BC547,-NPN-TO5,TO5,Roland,"Q1, Q2",NPN Transistror,,,,
1,COMM,MA04-1,MA04-1,Stock,J2,PIN HEADER,,,unknown,unknown
1,CONF,DP06,DP-06,CPLDSerial,SERIAL,DIL/CODE SWITCH,,MCDP06,9471618,26M1097
1,CR2032,B2430UNI,B2430UNI,32KOmnibus,B1,LI BATTERY,,,,
1,CR2032 Socket,534-1066,1066,32KOmnibus,,,,,,
1,D-SUB9-HM,DB9-USB-M,H5M09RA,CPLDSerial,J5,D-Subminiatur Connector,,,unknown,unknown
1,DIP-4,DIP04S,DIP04S,Roland,SW3,DIL/CODE SWITCH,,,unknown,unknown
1,PCB,QUAD,EDGE-CON8,Stock,J1,Quad-Height DEC board,,,,
1,ICSP,MA03-2,MA03-2,Stock,J3,PIN HEADER,,,unknown,unknown
1,M837,9070-1W,9070-1W,CPLDSerial,TS_DISABLE,TOGGLE SWITCH,,,,
1,MAX232,MAX232,DIL16,CPLDSerial,U10,RS232 TRANSCEIVER,MAXIM,MAX232ACPE+,9723773,68K4544
1,MCP23017SP,MCP23017SP,DIL28-3,Stock,U2,http://ww1.microchip.com/downloads/en/DeviceDoc/21952a.pdf,MICROCHIP,MCP23017-E/SP,1332088,31K2959
1,MEGA328-P,MEGA8-P,DIL28-3,Roland,U1,MICROCONTROLLER,,,unknown,unknown
1,Serial,DEC40PINH,DEC40PINH,CPLDSerial,J4,PIN HEADER,,,,
