M220,M221,Signal
AA1,,AND
AA2,,VCC
AB1,,ADDER0
AB2,,!TT_SHIFT
AC1,,ADDER1
AC2,,GND
AD1,,SHIFT_R2
AD2,,SHIFT_R1
AE1,,NO_SHIFT
AE2,,ADDER2
AF1,,ADDER3
AF2,,SHIFT_L1
AH1,,SHIFT_L2
AH2,,ADDER4
AJ1,,AJ1
AJ2,,ADDER5
AK1,,AK1
AK2,,AK2
AL1,,MA3_L
AL2,,MA3_H
AM1,,MA2_L
AM2,,MA2_H
AN1,,PC3_H
AN2,,AN2
AP1,,PC2_H
AP2,,PC3_L
AR1,,AR1
AR2,,PC2_L
AS1,,AS1
AS2,,AS2
AT1,,GND
AT2,,AT2
AU1,,AU1
AU2,,AU2
AV1,,AC3_H
AV2,,AC3_L
BA1,,AC2_H
BA2,,VCC
BB1,,AC2_L
BB2,,BB2
BC1,,SR_ENABL
BC2,,GND
BD1,,SC2
BD2,,SR3
BE1,,SR2
BE2,,BE2
BF1,,MQ_ENABL
BF2,,SC_ENABL
BH1,,MQ2_H
BH2,,AC_ENABL
BJ1,,C0
BJ2,,!AC_ENABL
BK1,,IO2
BK2,,C2
BL1,,DATA_ENABL
BL2,,IO_ENABL
BM1,,IO3
BM2,,DATA2
BN1,,SC3
BN2,,MQ3_H
BP1,,MA_ENABL
BP2,,DATA3
BR1,,MEM2
BR2,,BR2
BS1,,DA2
BS2,,PC_ENABL
BT1,,GND
BT2,,DA_ENABL
BU1,,BU1
BU2,,MEM_ENABL
BV1,,BV1
BV2,,BV2
