Row,Pin,,1,,2,,3,,4,,5,,6,,7,,8,,9,,10,,11,,12,,13,,14,,15,,16,,17,,18,,19,,20,,21,,22,,23,,24,,25,,26
,,1,2,1,2,1,2,1,2,1,2,1,2,1,2,1,2,1,2,1,2,1,2,1,2,1,2,1,2,1,2,1,2,1,2,1,2,1,2,1,2,1,2,1,2,1,2,1,2,1,2,1,2
A,A,,VCC,GND,,GND,,GND,,GND,,GND,,,VCC,0_TO_EF\,VCC,MK_BLK_START\,VCC,BLK_IN_SYNC\,VCC,N$105,VCC,PWR_CLR\,VCC,,,,VCC,W+UTS,VCC,,VCC,,,,VCC,,,,VCC,,VCC,,VCC,BMR01\,VCC,,NC,USR_00,DTB_00,MF01,LPB_03
,B,VCC,-15V,I/O_BAC_00,,I/O_BMB_00,,IM_00\,,GND,,DB_00\,,,,TP00,,MK_DATA\,,N$85,,N$106,,N$162,,,,,,TP1_XTLK_DY\,,,,,,,-15V,,,,-15V,,-15V,,-15V,BMR01,-15V,,NC,USR_01,DTB_01,MF02,LPB_04
,C,VCC,GND,GND,GND,GND,GND,GND,GND,GND,GND,GND,GND,,GND,MK_END,GND,MK_BLK_END\,GND,N$84,GND,N$124,GND,PC+ES,GND,,,,GND,N$16,GND,,GND,,,,GND,,GND,,GND,,GND,,GND,GND,GND,,T_GO\,USR_02,DTB_02,DTF,LPB_05
,D,VCC,,I/O_BAC_01,I/O_BAC_09,I/O_BMB_01,I/O_BMB_06\,IM_01\,IM_09\,GND,GND,DB_01\,DB_09\,00\,00,+3V@A09U1,XSA_DY,MK_END\,ST_BLK_MK\,N$84,BAC_10\,N$137,N$128,N$162,COMP+SH,,,,N$21,N$16,N$31,,N$14,,,,N$123,,,,N$131,,N$136,,WRITE_OK,T_GO\,02\,,T_STOP\,MR00,DTB_03,NC,GND
,E,VCC,-15V,I/O_BAC_02,I/O_BAC_10,I/O_BMB_02,I/O_BMB_06,IM_02\,IM_10\,GND,NC,DB_02\,DB_10\,01\,01,END,N$83,N$105,ST_IDLE\,UTS,B-XSTA,N$132,0_TO_EF,PAR\,SH_EN,,,,N$21,TP00\,N$31,,N$14,,,,N$126,,,,N$133,,N$140,,,T_STOP\,03\,,T_FWD\,MR01,DTB_04,DF,C00
,F,VCC,-15V,GND,GND,GND,GND,GND,GND,GND,GND,GND,GND,04\,04,END\,+3V@A09U1,N$35,MOVE\,N$85,N$153,N$161,0_TO_EF\,EF,N$66,,,,N$23,TP00\,TP0_XTLK_DY\,,N$15,,,,,,N$123,,,,,,,BMR00,GND,,T_REV\,FR_00,DTB_05,WR_EN,C01
,H,VCC,GND,I/O_BAC_03,I/O_BAC_11,I/O_BMB_03\,I/O_BMB_07\,IM_03\,IM_11\,GND,NC,DB_03\,DB_11\,06\,06,1_TO_DF,SEL,SE\,N$106,FR_01,PWR_CLR\,N$162,PC+ES,ENI,FR_01\,,,N$19,N$13,TP00\,W+UTS,,N$5,,,,NC,,N$126,,NC,,NC,,T_WRITE_OK\,BMR00\,T_02\,,T_PWR_CLR\,FR_01,DTB_06,WC,MKT
,J,VCC,,I/O_BAC_04,GND,I/O_BMB_03,GND,IM_04\,GND,GND,GND,DB_04\,GND,02\,02,DTF,SEL\,N$46,N$107,WRITE_OK\,N$153,EF,PC+ES\,N$7,TP01,,,,N$13,TP00\,TP01\,,TP0_XTLK_DY\,,,,N$123,,GND,,N$131,,N$136,,,GND,T_03\,,NC,FR_02,DTB_07,UTS,W01
,K,VCC,GND,GND,IOP_1,GND,I/O_BMB_07,GND,I/O_SKP_RQ\,GND,I/O_BRK_RQ\,GND,GND,,,N$132,+3V@A09U1,SINGLE_UNIT,MKTK\,N$46,0_TO_EF,EF\,XSAD\,INT_RQ\,N$64,,,,N$13,TP00\,TP01\,,TP0_XTLK_DY\,,,,N$126,,GND,,N$133,,N$140,,,T_FWD\,04\,,T_SINGLE_UNIT\,FR_03,DTB_08,ST_BLK_MK,W02
,L,VCC,GND,I/O_BAC_05,GND,I/O_BMB_04\,GND,IM_05\,GND,GND,GND,DB_05\,GND,07\,07,TIM,MC01,N$83,TIM\,READ_DATA,CSTA\,0_TO_DTB\,XSAD,EF,C00,,,,N$19,TP00,TP01\,,TP00_A\,,,,NC,,,,NC,,NC,,,T_REV\,05\,,T_WRITE_OK\,ENI,DTB_09,ST_REV_CK,W03
,M,,,I/O_BAC_06,IOP_2,I/O_BMB_04,I/O_BMB_08\,IM_06\,I/O_INT_RQ\,GND,I/O_DATA_IN,DB_06\,I/O_1_TO_CA_INH\,05\,05,TIM\,N$107,ST_BLK_MK\,END\,LPB_NOT_EQ_1,PWR_CLR\,0_TO_DTB,SH_EN\,DTF,C01,,,,N$18,TP00_A\,TP01\,,TP00,,,,NC,,,,NC,,NC,,GND,PWR_CLR\,GND,,T_01\,GND,DTB_10,DATA,W04
,N,,,GND,GND,GND,GND,GND,GND,GND,GND,GND,GND,03\,03,N$128,0_TO_EF\,ST_IDLE\,SEL\,N$125,0_TO_STA,0_TO_STA,SH_EN,N$7,N$43,,,,N$18,TP00_A\,TP01\,,TP00,,,,CK00\,,N$127,,WB02,,WB00,,,01\,T_04\,,T_02\,EF,DTB_11,ST_FINAL,W05
,P,,,I/O_BAC_07,IOP_4,I/O_BMB_05\,I/O_BMB_08,IM_07\,I/O_0_TO_AC\,GND,I/O_B-BRK,DB_07\,I/O_BWC0\,,,N$125,MKTK\,RD+WD,N$161,ST_CK,DF,0_TO_STA\,N$23,N$7,C00\,,,,N$18,TP00_A\,TP01,,TP00,,,,CK00,,N$130,,WB02\,,WB00\,,,GND,T_05\,,T_03\,MKTK,WB00,ST_CK,W06
,R,,,GND,GND,GND,GND,GND,GND,GND,GND,GND,GND,,,0_TO_EF\,MKTK,XSAD,WRITE_DATA,MC00\,SH_DTB,N$3,TP0_XTLK_DY\,DTSF,C01\,,,,N$25,TP00_A\,TP01_A\,,N$20,,,,TM_EN,,GND,,WR_EN,,WR_EN,,,T_PWR_CLR\,06\,,T_04\,END,WB01,ST_IDLE,W07
,S,,,I/O_BAC_08,I/O_TS03,I/O_BMB_05,I/O_BMB_09,IM_08\,I/O_B-RUN,GND,I/O_ADDR_ACC\,DB_08\,EA_02\,+3V@A09U1,+3V@A09U1,PAR\,WRITE_ALL,N$138,ST_FINAL,N$124,N$139,M-STOP\,N$114,SKP_RQ\,N$45,,,N$26,N$26,TP00_A,TP01_A\,,N$20,,,,,,GND,,,,,,,T_01\,07\,,T_05\,SEL,WB02,MC00,W08
,T,GND,,GND,I/O_TS04,GND,I/O_BMB_10,GND,NC,GND,NC,GND,EA_01\,GND,+3V@A09U1,GND,GND,GND,MK_BLK_END,GND,N$139,GND,LPB_TO_DTB,GND,N$43,,,GND,N$22,GND,TP01_A\,GND,,,,,,,GND,,,,,,,GND,GND,,T_06\,PAR,LPB_00,MC01,W09
,U,,,,GND,,GND,,GND,,GND,,GND,GND,USR_01,PAR,N$33,+3V@A09U1,N$111,,N$138,CLR_DF\,N$22,,N$45,,,,,,TP01_A\,,,,,,T_TRK,,GND,,RDD_02,,RDD_00,,,GND,T_06\,,T_07\,TIM,LPB_01,MC02,GND
,V,,,,I/O_PWR_CLR,,I/O_BMB_11,,NC,,NC,,EA_00\,USR_02,USR_00,W-INH,W-INH\,,N$114,,N$137,N$58,TP1_XTLK_DY\,,SH_EN\,,,,N$25,,TP01_A,,,,,,T_TRK\,,N$131,,RDD_02\,,RDD_00\,,,GND,T_07\,,T_00\,MF00,LPB_02,GND,SWTM

B,A,,VCC,DTB_00\,VCC,USR_00\,VCC,EF\,VCC,DF\,VCC,BAC_00\,VCC,0_TO_STA\,VCC,BMB_TO_DTB,VCC,0_TO_DTB\,VCC,N$66,VCC,WRTM,VCC,ST_DATA,VCC,SYNC-P\,VCC,+3V@B12U1,VCC,,VCC,,VCC,,,,VCC,,,,VCC,,VCC,,VCC,,,,,,,,
,B,VCC,,DTB_01\,,USR_01\,,MKTK\,,INT_RQ\,,BAC_00,,XSTA,,BMB_06,,SH_DTB,,N$66,,SWTM,,WRITE_DATA,,TP00,,XSA_DY,,,,,,,,,-15V,,,,-15V,,-15V,,-15V,,-15V,,,,,,
,C,VCC,GND,B-BRK\,GND,RSTA\,GND,RSTB\,GND,GND,GND,BAC_08\,GND,BAC_00,GND,N$97,GND,DTB_09,GND,N$64,GND,WRITE_OK,GND,DTF\,GND,MC02\,GND,MR01\,GND,,GND,,GND,,,,GND,,,,GND,,GND,,GND,,GND,,,,,,
,D,VCC,GND,DB_00\,DTB_06\,IM_00\,FR_01\,IM_00\,MF00\,I/O_BRK_RQ\,MF02\,BAC_01\,BAC_08,BAC_00,XSTA,BMB_TO_DTB,BMB_TO_DTB,N$97,SH_DTB,N$64,SYNC,N$56,N$55,WRITE_OK+UTS,RD+WD,+3V@B12U1,TP00,M-STOP\,,TM_EN\,TM_EN\,,N$29,,,,N$127,,N$133,,N$134,,,,,,T_GO\,,,,,,
,E,VCC,,DB_01\,DTB_07\,IM_01\,FR_02\,IM_01\,MF01\,I/O_INT_RQ\,FR_01\,BAC_01,BAC_09\,USR_00,BAC_01,BMB_07,BMB_08,DTB_06,RDD_02,SH_DTB,SYNC,N$70,N$49,N$55,FR_00,MC00,MC00,BMR01\,,T_TRK\,T_TRK,,N$29,,,,N$130,,GND,,N$135,,,,,,T_STOP\,,,,,,
,F,,,DTB_02\,B-BRK\,USR_02\,RSTA\,END\,RSTB\,SKP_RQ\,GND,BAC_02\,BAC_09,USR_00\,BAC_01,N$112,N$113,DTB_06\,N$92,N$77,TP00,WR_EN\,N$56,WRITE_ALL,WC\,MC00\,+3V@B12U1,BMR01,,N$13,N$18,,N$30,,,,,,GND,,,,,,,,,,,,,,
,H,,GND,DTB_03\,DB_06\,MR00\,IM_06\,SEL\,IM_06\,0_TO_AC\,EA_02\,BAC_02,BAC_10\,XSTA,USR_01,BMB_TO_DTB,WRTM\,SH_DTB,DTB_11,TP00_A,TP00,N$72,N$47,W-INH\,ST_CK_0P,TP00,MC01,,,C00\,,,TP1_XTLK_DY\,,,,NC,,N$134,,NC,,,,,,T_FWD\,,,,,,
,J,,,B-BRK\,DB_07\,RSTA\,IM_07\,RSTB\,IM_07\,GND,I/O_DATA_IN,BAC_03\,BAC_10,BAC_02,USR_01\,BMB_11,FR_03\,DTB_11,DTB_11\,C01,SYNC-P\,N$77,READ_DATA\,DF\,N$62,MC01,MC01\,,,TP00,,,TP1_XTLK_DY\,,,,N$127,,N$135,,N$134,,,,,,T_REV\,,,,,,
,K,,GND,DB_02\,DTB_08\,IM_02\,FR_03\,IM_02\,MF02\,I/O_SKP_RQ\,SEARCH\,BAC_03,BAC_11\,BAC_02,0_TO_STA\,N$92,WRTM+FR03,N$113,0_TO_DTB\,N$78,,WC,SEARCH\,WRITE_OK+UTS,N$60,+3V@B12U1,SYNC-P\,,+3V@B12U1,N$63,,,N$24,,,,N$130,,,,N$135,,,,,,T_PWR_CLR\,,,,,,
,L,,GND,DB_03\,DTB_09\,IM_03\,ENI\,IM_03\,DTF\,I/O_0_TO_AC\,NC,BAC_04\,BAC_11,USR_02,XSTA,BMB_TO_DTB,READ_DATA\,DTB_08,SH_DTB,0_TO_DTB\,,W-INH\,N$86,N$49,N$28,MC02,TP01\,,XSA_DY,MKT,,,TP01_A\,,,,NC,,GND,,NC,,,,,,T_WRITE_OK\,,,,,,
,M,,+11V,DTB_04\,B-BRK\,MR01\,RSTA\,PAR\,RSTB\,MF00\,GND,BAC_04,,USR_02\,BAC_03,BMB_09,WRITE_DATA\,DTB_08\,RDD_00,WC,,WRITE_ALL,SYNC_EN,N$10,N$61,MC02\,C01\,,MR00,FR_01,,,TP01,,,,NC,,GND,,NC,,,,,,T_01\,,,,,,
,N,NC,,DTB_05\,DB_08\,FR_00\,IM_08\,TIM\,IM_08\,MF01\,I/O_1_TO_CA_INH\,BAC_05\,,XSTA,BAC_03,N$73,RD+WD,SH_DTB,N$73,TP00,,N$72,B-RUN,DATA\,N$62,TP00\,N$63,N$17,+3V@B12U1,N$71,,,TP01,,,,WB00,,N$136,,WB01,,,,,,T_02\,,,,,,
,P,NC,,B-BRK\,DB_09\,RSTA\,IM_09\,RSTB\,IM_11\,GND,,BAC_05,SWTM,BAC_05,MR00,BMB_TO_DTB,LDMF\,RDD_01,DTB_09,C01\,,MC01\,0_TO_STA\,WRITE_DATA,1_TO_DTF,C00\,C01,CK01,BMR00,UTS,N$85,,TP01,,,,WB00\,,N$140,,WB01\,,,,,,T_03\,,,,,,
,R,,,DB_04\,DTB_10\,IM_04\,,IM_04\,,EA_00\,,BAC_06\,SWTM\,BAC_05,MR00\,BMB_10,XSTA\,N$91,DTB_09\,MKT\,B-BRK,WRITE_DATA,PC+ES\,N$11,C00,+3V@A09U1,C01\,+3V@B12U1,BMR00\,WRITE_OK,FR_03,,N$37,,,,TM_EN,,,,WR_EN,,,,NC,,T_04\,,,,,,
,S,,,DB_05\,DTB_11\,IM_05\,,IM_05\,,EA_01\,,BAC_06,N$1,FR_00,XSTA,N$91,N$1,DTB_10,SH_DTB,N$33,B-BRK,ST_REV_CK,N$3,N$48,MKT,C00,C00\,CK00,N$17,N$32,N$86,,N$37,,,,,,,,,,,,00\,,T_05\,,,,,,
,T,GND,,GND,B-BRK\,GND,,GND,,GND,,GND,0_TO_AC\,GND,BAC_06,GND,ADDR_ACC\,GND,DTB_10,GND,B-BRK,GND,MC00\,GND,TP01_A,GND,MKT\,GND,CK00\,GND,,GND,,,,,,,,,,,T_SINGLE_UNIT\,GND,GND,,T_06\,,,,,,
,U,,,GND,DB_10\,GND,,GND,,GND,,BAC_07,,FR_00\,BAC_06,,PWR_CLR\,DTB_10\,N$112,,B-BRK,N$70,MC02,+3V@B12U1,N$44,C00\,+3V@A09U1,CK00\,+3V@B12U1,,,,,,,,RDMK,,,,RDD_01,,SINGLE_UNIT,GND,,,T_07\,,,,,,
,V,,,GND,DB_11\,GND,,GND,,GND,,BAC_07\,,FR_01\,FR_01,SWTM,N$58,DTB_07\,DTB_07,,B-BRK\,N$82,C01,,N$51,MKT\,MKT,CK01\,CK01,,,,,,,,RDMK\,,,,RDD_01\,,,GND,T_00\,,T_00\,,,,,,

C,A,I/O_B-RUN,VCC,I/O_BMB_00,VCC,I/O_BAC_00,VCC,RSTA,VCC,DTSF,VCC,BMB_00\,VCC,0_TO_STA\,VCC,BMB_TO_DTB,VCC,0_TO_DTB\,VCC,SH_EN,VCC,ST_REV_CK,VCC,U+M_DY\,VCC,ST_CK_0P\,VCC,+3V@C15U1,VCC,WR_EN,VCC,UTS\,VCC,SH_ST,VCC,,VCC,,,,,,,,,,,,,,,,
,B,B-RUN,,BMB_00\,,BAC_00\,,RSTA\,,DTSF\,,BMB_00,,XSTA,,BMB_00,,SH_DTB,,DTB_00,,MC01\,,MR01,,ST_CK_0P,,COMP+SH,,TP01,,UTS\,,N$2,,,,,,,,,,,,,,,,,,,
,C,+3V@C08U1,GND,+3V@C08U1,GND,76+77,GND,CSTA,GND,RSTB,GND,BMB_08\,GND,BAC_07,GND,LPB_TO_DTB,GND,DTB_03,GND,SH_EN\,GND,N$10,GND,TM_EN\,GND,N$47,GND,N$185,GND,N$38,GND,UTS\,GND,N$15,GND,,GND,,,,,,,,,,,,,,,,
,D,I/O_B-BRK,,I/O_BMB_01,,I/O_BAC_01,,CSTA\,I/O_BMB_03,RSTB\,I/O_BMB_03,BMB_01\,BMB_08,BAC_07,XSTA,LPB_00,BMB_TO_DTB,N$146,SH_DTB,WB00\,RD_EN_LPB_00-02,ST_FINAL,SEARCH,N$81,WR_EN,ST_REV_CK,N$36,+3V@C15U1,COMP+SH,FR_01,WR_EN\,UTS\,DATA\,,N$16,,MK_BLK_MK\,,,,,,,,,,,,,,,,
,E,B-BRK,,BMB_01\,I/O_BMB_08,BAC_01\,I/O_BAC_08,XSTA,I/O_BMB_04,LDMF,I/O_BMB_04,BMB_01,BMB_09\,FR_02,BAC_08,N$146,BMB_03,DTB_00,DTB_04,N$185,XOR_TO_LPB,MC01,BLK_IN_SYNC,N$52,TP00_A,ST_REV_CK\,ST_BLK_MK,WB00\,N$155,TP00,C00,0_TO_W\,ST_CK\,,N$30,,MK_BLK_MK,,,,,,,,,,,,,,,,
,F,I/O_BWC0\,,I/O_BMB_02,BMB_08\,I/O_BAC_02,BAC_08\,XSTA\,I/O_BMB_05,LDMF\,I/O_BMB_05,BMB_02\,BMB_09,FR_02\,BAC_08,BMB_TO_DTB,LPB_TO_DTB,DTB_00\,N$147,SH_EN,XOR_TO_LPB,N$11,N$54,N$51,C01\,DATA,ST_BLK_MK\,WB00,+3V@C15U1,N$39,N$119,UTS\,ST_FINAL\,N$71,N$31,MK_BLK_START\,MK_END,,,,,,,,,,,,,,,,
,H,WC0,,BMB_02\,I/O_BMB_09,BAC_02\,I/O_BAC_09,I/O_TS03,I/O_BMB_06,I/O_PWR_CLR,I/O_BMB_06,BMB_02,BMB_10\,XSTA,FR_03,BMB_01,LPB_03,SH_DTB,DTB_01,DTB_01,WR_EN,READ_DATA,WR_EN\,N$54,N$117,DATA\,ST_DATA,COMP+SH,WB01\,N$38,WR_EN\,UTS\,+3V@C15U1,N$78,WRITE_OK,MK_DATA_SYNC,MK_END\,,,,,,,,,,,,,,,,
,J,,,I/O_BMB_03,BMB_09\,I/O_BAC_03,BAC_09\,+3V@C08U1,I/O_BMB_07,+3V@C08U1,I/O_BMB_07,BMB_03\,BMB_10,BAC_09,FR_03\,LPB_TO_DTB,N$104,DTB_05,DTB_01\,SH_EN\,N$108,RD_EN,TP01,1_TO_DF,WR_EN\,ST_CK,ST_DATA\,N$193,WB01,N$39,C00\,UTS\,ST_DATA,N$82,WRITE_OK\,MK_DATA_SYNC\,MK_BLK_START,,,,,,,,,,,,,,,,
,K,,,BMB_03\,I/O_BMB_10,BAC_03\,I/O_BAC_10,TS03\,I/O_BMB_08\,PWR_CLR\,I/O_BMB_08,BMB_03,BMB_11\,BAC_09,M-STOP\,LPB_01,BMB_TO_DTB,N$148,0_TO_DTB\,WB01\,WRTM,N$42,N$118,FR_00\,TM_EN\,ST_CK\,ST_IDLE,+3V@C15U1,+3V@C15U1,COMP+SH,N$116,UTS\,N$2,SHIFT_CK,,W01-W05,W07,,,,,,,,,,,,,,,,
,L,,,I/O_BMB_04,BMB_10\,I/O_BAC_04,BAC_10\,,+3V@C08U1,,+3V@C08U1,BMB_04\,BMB_11,ENI,XSTA,N$147,BMB_04,DTB_02,SH_DTB,N$155,SWTM\,N$42,DATA\,1_TO_DF,UTS\,ST_FINAL,ST_IDLE\,WB02\,N$76,SWTM,MKT,0_TO_STATE\,N$2,N$32,,W08,,,,,,,,,,,,,,,,,
,M,,,BMB_04\,I/O_BMB_11,BAC_04\,I/O_BAC_11,,,,,BMB_04,WC0,ENI\,BAC_04,BMB_TO_DTB,LPB_TO_DTB,DTB_02\,DTB_06,SH_EN,WRTM\,READ_ALL\,ST_FINAL\,WRTM+FR03,W+UTS,ST_FINAL\,N$81,WB02,SP_DY\,WR_EN,TP01_A,TM_EN,N$2,WRITE_OK+UTS,N$108,SH_ST,W06,,,,,,,,,,,,,,,,
,N,,,I/O_BMB_05,BMB_11\,I/O_BAC_05,BAC_11\,,+3V@C08U1,,+3V@C08U1,BMB_05\,WC0\,NC,BAC_04,BMB_02,LPB_04,SH_DTB,N$104,DTB_02,SWTM,N$44,RD_EN,N$60,WRTM,TM_EN,N$79,MKT\,N$79,N$53,N$115,CK01,N$2,ADDR_ACC,N$103,TP00\,,,,,,,,,,,,,,,,,
,P,,,BMB_05\,NC,BAC_05\,NC,,IOP_1,,IOP_1,BMB_05,PWR_CLR\,NC,MR01,LPB_TO_DTB,N$142,DTB_07,DTB_03,SH_EN\,N$35,N$48,B-XSTA,FR_00\,SWTM,TM_EN\,N$119,N$36,UTS\,N$50,UTS\,CK01,SH_ST-B,ADDR_ACC\,N$115,,BLK_IN_SYNC,,,,,,,,,,,,,,,,
,R,,,I/O_BMB_06,,I/O_BAC_06,,,IOP_2,,IOP_2,BMB_06\,PWR_CLR,NC,MR01\,LPB_02,BMB_TO_DTB,N$142,DTB_03\,WB02\,RD_EN_LPB_03-05,0_TO_DTB,BAC_11\,RD+WD,U+M_DY\,BLK_IN_SYNC\,RD_EN_LPB_03-05,PWR_CLR\,UTS,N$53,T_TRK,CK01,TM_EN,N$8,N$111,,ST_BLK_MK,,,,,,,,,,,,,,,,
,S,,,BMB_06\,NC,BAC_06\,NC,,IOP_4,,IOP_4,BMB_06,76,,NC,N$148,BMB_05,DTB_04,SH_DTB,N$193,XOR_TO_LPB,N$52,N$65,ST_CK_0P,N$50,BLK_IN_SYNC,N$116,WR_EN\,,TM_EN,N$76,N$24,CK01\,T3,N$34,,RDMK,,,,,,,,,,,,,,,,
,T,GND,,GND,,GND,,GND,,GND,,GND,76\,GND,NC,GND,LPB_TO_DTB,GND,DTB_08,GND,XOR_TO_LPB,GND,N$65,GND,WC\,GND,RD_EN_LPB_00-02,GND,,GND,,GND,CK01\,GND,XSA_DY,GND,W04,,,,,,,,,,,,,,,,
,U,,,BMB_07\,I/O_ADDR_ACC\,BAC_07\,NC,,+3V@C08U1,,+3V@C08U1,BMB_07,77,,NC,+3V@C08U1,LPB_05,DTB_04\,N$129,,WR_EN,,PWR_CLR\,N$28,FR_00,CLR_DTF\,,WR_EN,,+3V@C15U1,,,CK01\,N$101,,,MK_DATA\,,,,,,,,,,,,,,,,
,V,,,I/O_BMB_07,ADDR_ACC,I/O_BAC_07,,,76,,77,BMB_07\,77\,,,,N$129,DTB_05\,DTB_05,,N$109,,N$59,N$61,WRTM+FR03,N$59,,,,,,,N$5,N$109,,,0_TO_STATE\,,,,,,,,,,,,,,,,

D,A,,,GND,,GND,,GND,,GND,,GND,,,VCC,0_TO_LPB\,VCC,WB00,VCC,MK_BLK_MK,VCC,PWR_CLR\,VCC,N$6,VCC,,VCC,N$69,VCC,,VCC,,VCC,,VCC,,VCC,,,,,,,,,,,,,,,,
,B,,,I/O_BAC_00,,I/O_BMB_00,,IM_00\,,GND,,DB_00\,,,,N$103,,WR_EN,,MK_BLK_MK,,LDMF,,N$6,,,,NC,-15V,,,,,,,,,,,,,,,,,,,,,,,,
,C,,,GND,GND,GND,GND,GND,GND,GND,GND,GND,GND,,GND,N$93,GND,RDD_00,GND,C00,GND,BAC_06,GND,N$6,GND,,GND,N$69,GND,,GND,,GND,,GND,SH_ST-B,GND,,,,,,,,,,,,,,,,
,D,,,I/O_BAC_01,I/O_BAC_09,I/O_BMB_01,I/O_BMB_06\,IM_01\,IM_09\,GND,GND,DB_01\,DB_09\,MOVE\,MOVE,N$93,N$101,RD_EN_LPB_00-02,DTB_00,C01\,MC00,+3V@D10U1,LDMF,N$6,MC02,,,NC,N$68,,N$17,,,,N$12,,ST_IDLE,,,,,,,,,,,,,,,,
,E,,,I/O_BAC_02,I/O_BAC_10,I/O_BMB_02,I/O_BMB_06,IM_02\,IM_10\,GND,NC,DB_02\,DB_10\,SEARCH\,SEARCH,LPB_00,N$94,N$93,WR_EN,,MC01\,MF00,BAC_07,B-XSTA,MC02,,,NC,U+M_DY\,,,,,,N$12,,W03,,,,,,,,,,,,,,,,
,F,,,GND,GND,GND,GND,GND,GND,GND,GND,GND,GND,WRITE_DATA\,WRITE_DATA,LPB_00\,N$94,WB01,RDD_00,BAC_00\,MC02\,MF00\,+3V@D10U1,MB_TO_DTB\,ST_REV_CK,,N$6,NC,SP_DY\,,,,,,N$8,TP01,W09,,,,,,,,,,,,,,,,
,H,,,I/O_BAC_03,I/O_BAC_11,I/O_BMB_03\,I/O_BMB_07\,IM_03\,IM_11\,GND,NC,DB_03\,DB_11\,WRTM\,WRTM,N$103,LPB_03,WR_EN,RD_EN_LPB_03-05,BAC_01\,MKT\,LDMF,MF01,MB_TO_DTB\,ST_REV_CK,,XSTA\,N$68,SP_DY,,,,,,TS03\,SYNC_EN,0_TO_W\,,,,,,,,,,,,,,,,
,J,,,I/O_BAC_04,GND,I/O_BMB_03,GND,IM_04\,GND,GND,GND,DB_04\,GND,READ_DATA\,READ_DATA,N$95,LPB_03\,RDD_01,N$94,BAC_02\,BLK_IN_SYNC\,BAC_08,MF01\,MB_TO_DTB\,0_TO_LPB\,,XSTA\,NC,N$67,,TM_EN\,,,,TS03\,,W01,,,,,,,,,,,,,,,,
,K,,,GND,IOP_1,GND,I/O_BMB_07,GND,I/O_SKP_RQ\,GND,I/O_BRK_RQ\,GND,GND,,,N$95,0_TO_LPB\,RD_EN_LPB_00-02,DTB_01,BAC_03\,BAC_04\,+3V@D10U1,+3V@D10U1,MB_TO_DTB\,N$118,,XSTA\,U+M_DY,XSTA\,,TM_EN\,,,,TS03\,,DATA,,,,,,,,,,,,,,,,
,L,,,I/O_BAC_05,GND,I/O_BMB_04\,GND,IM_05\,GND,GND,GND,DB_05\,GND,SE\,SE,LPB_01,N$101,N$95,WR_EN,,+3V@D10U1,MF02,1_TO_DF,BMB_TO_DTB,N$118,,XSAD\,M-STOP\,XSTA\,,,,,,ST_CK_0P\,,ST_FINAL,,,,,,,,,,,,,,,,
,M,,,I/O_BAC_06,IOP_2,I/O_BMB_04,I/O_BMB_08\,IM_06\,I/O_INT_RQ\,GND,I/O_DATA_IN,DB_06\,I/O_1_TO_CA_INH\,WRITE_ALL\,WRITE_ALL,LPB_01\,N$100,WB02,RDD_01,LPB_00\,+3V@D10U1,MF02\,WC\,B-BRK,N$117,,XSTA,+3V@D10U1,N$40,,NC,,XSTA\,,ST_CK,,SYNC\,,,,,,,,,,,,,,,,
,N,,,GND,GND,GND,GND,GND,GND,GND,GND,GND,GND,READ_ALL\,READ_ALL,N$103,N$100,WR_EN,RD_EN_LPB_03-05,LPB_01\,+3V@D10U1,XSTA,CLR_DF\,T3,N$117,,XSTA,U+M_DY\,NC,,N$27,,XSTA\,,ST_CK,,SYNC,,,,,,,,,,,,,,,,
,P,,,I/O_BAC_07,IOP_4,I/O_BMB_05\,I/O_BMB_08,IM_07\,I/O_0_TO_AC\,GND,I/O_B-BRK,DB_07\,I/O_BWC0\,,,N$96,LPB_04,RDD_02,N$100,LPB_02\,N$67,GND,DF\,T3,XOR_TO_LPB,,XSTA,N$41,NC,,NC,,CSTA,,ST_CK,,MK_DATA,,,,,,,,,,,,,,,,
,R,,,GND,GND,GND,GND,GND,GND,GND,GND,GND,GND,,,N$96,LPB_04\,RD_EN_LPB_00-02,DTB_02,LPB_03\,LPB_04\,WC0\,DF,FR_01,76\,,N$4,,NC,,NC,,N$151,,N$88,ST_CK,SHIFT_CK,,,,,,,,,,,,,,,,
,S,,,I/O_BAC_08,I/O_TS03,I/O_BMB_05,I/O_BMB_09,IM_08\,I/O_B-RUN,GND,I/O_ADDR_ACC\,DB_08\,EA_02\,+3V@D09U1,+3V@D09U1,LPB_02,N$101,N$96,WR_EN,,LPB_05\,WC,1_TO_DTF,MB_TO_DTB\,76\,,N$4,T_TRK,NC,,N$27,N$150,N$150,,N$88,ST_REV_CK,MK_BLK_SYNC,,,,,,,,,,,,,,,,
,T,,,GND,I/O_TS04,GND,I/O_BMB_10,GND,NC,GND,NC,GND,EA_01\,GND,+3V@D09U1,GND,N$99,GND,RDD_02,GND,LPB_05\,GND,GND,GND,77\,GND,,GND,,GND,NC,GND,N$34,GND,,GND,MK_BLK_SYNC\,,,,,,,,,,,,,,,,
,U,,,,GND,,GND,,GND,,GND,,GND,GND,FR_02,LPB_02\,N$99,+3V@D09U1,RD_EN_LPB_03-05,+3V@D10U1,LPB_05\,WC\,CLR_DTF\,,77\,,,T_TRK,NC,,,,,,,MK_BLK_END,W05,,,,,,,,,,,,,,,,
,V,,,,I/O_PWR_CLR,,I/O_BMB_11,,NC,,NC,,EA_00\,FR_03,FR_01,LPB_05\,LPB_05,,N$99,,LPB_NOT_EQ_1,DTF,DTF\,,76+77,,,N$41,N$40,,,,N$151,,,MK_BLK_END\,W02,,,,,,,,,,,,,,,,

