Row,Pin,,1,,2,,3,,4,,5,,6,,7,,8,,9,,10,,11,,12,,13,,14,,15,,16,,17,,18,,19,,20,,21,,22,,23,,24,,25,,26,,27,,28,,29,,30,,31,,32,,33,,34,,35,,36,,37,,38,,39,,40
,,1,2,1,2,1,2,1,2,1,2,1,2,1,2,1,2,1,2,1,2,1,2,1,2,1,2,1,2,1,2,1,2,1,2,1,2,1,2,1,2,1,2,1,2,1,2,1,2,1,2,1,2,1,2,1,2,1,2,1,2,1,2,1,2,1,2,1,2,1,2,1,2,1,2,1,2,1,2,1,2
A,A,,,,VCC,,,,VCC,MB10_,VCC,,VCC,N$716,VCC,N$702,VCC,MB00_,VCC,N$262,VCC,MEM_EXT,VCC,EXT_GO,VCC,MB11_,VCC,N$452,VCC,IB_TO_IF,VCC,IF_ENABLE,VCC,PC_LOADXSR_ENABLE_,VCC,PC_LOADXSR_ENABLE_,VCC,WC_SET_,VCC,N$445,VCC,,VCC,,VCC,,VCC,,VCC,,,,,B_INHIBIT,VCC,,,,,MEM_P,VCC,MEM00,VCC,MEM02,VCC,MEM04,VCC,,,,,B_INHIBIT,VCC,B_INHIBIT,VCC,,,,,,VCC
,B,,,,-15V,,,,,MB09_,,,,N$713,,N$704,,MB01_,,N$689,,MB11,,MB10,,RMF_,,+3V(02),,+3V(03),,IF0,,N$447,,N$426,,WORD_COUNT_,,TP3,,,,,,,,,,,,,,,,,,,,MEM_BEGIN_,-15V,MEM_BEGIN_,-15V,MEM_BEGIN_,-15V,MEM_BEGIN_,-15V,,,,,,,,,,-15V,,-15V,,
,C,,,,GND,,,,GND,N$550,GND,,GND,N$714,GND,N$706,GND,MB02_,GND,N$691,GND,N$490,GND,N$497,GND,N$493,GND,N$453,GND,N$494,GND,N$411,GND,IB_TO_IF,GND,LOAD_IB,GND,N$263,GND,N$446,GND,,GND,,GND,,GND,,GND,,,,,,GND,,N$532,,N$367,,GND,,GND,,GND,,GND,,N$353,,N$327,,GND,,GND,,GND,,GND,,GND
,D,,,,,GND,VCC,,MB03_,+3V(65),N$549,IOT_,+3V(65),N$715,,N$720,,MB03_,,+3V(05),,N$459,RIB,SR_ENABLE,N$473,N$492,TP3,N$453,MB09,N$494,,DF_ENABLE,BF_ENABLE,JMP_,N$429,SR_ENABLE,MB_TO_IB,+3V(04),+3V(04),N$447,N$464,,,,,,,,,,,,,MB01_,MB00_,,N$533,,N$368,STROBE_FIELD0,N$351,STROBE_FIELD0,N$353,STROBE_FIELD0,N$357,STROBE_FIELD0,N$361,,N$354,,N$328,MB01_,MB00_,NC,MB_PARITY_ODD,,Y_RW_RETURN,,X_RW_SOURCE,,DFSR0
,E,,-30V,,,GND,VCC,,MB04_,N$548,N$550,+3V(65),OSR_,MEM00,,N$703,,MB00,,N$687,,DF0,SF0,DFSR0,MB06,+3V(01),MEM_EXT,IOT,MEM_EXT,INT_INHIBIT,,DF0,BF0,JMS_,N$439,IFSR0,MB06,N$263,B_SET,N$469,N$463,N$277,,N$284,,N$293,,N$295,,,-6V,,-6V,N$501,B_FIELD,,N$534,,N$369,,N$352,,N$354,,N$358,,N$362,,N$355,,N$329,N$302,B_FIELD_,,B_FIELD_,,GND,,-6V,,DFSR1
,F,,-30V,,SHUT_DOWN_,GND,VCC,,MB05,N$549,N$551,IOT,N$63,MEM01,,N$705,,MB01,,N$690,,N$464,N$463,N$482,N$481,EXT_GO,N$492,MEM_EXT_,N$454,INT_INHIBIT_,,N$410,N$409,N$446,N$444,N$429,N$427,N$403,B_SET_,N$462,N$465,N$282,,N$285,,N$297,,MEM_FINISH,,,,,,N$496,N$500,,N$535,,N$370,,NC,,N$367,,N$371,,N$375,,N$356,,N$330,N$301,N$299,,N$308,,N$276,,N$278,,DFSR2
,H,,-30V,,STOP_OK,GND,VCC,,MB06_,N$551,RIB,N$63,,MEM02,,N$707,,MB02,,N$692,,N$460,N$459,SF_ENABLE,SR_ENABLE,+3V(01),RIB,MEM_EXT_,+3V(02),PC_LOAD,EXT_GO,IF_ENABLE,DF_ENABLE,KEY_LAMFTS0_,N$430,SF_ENABLE,SR_ENABLE,N$408,KEY_STEXDP,N$466,N$470,N$281,N$274,,N$283,N$275,N$292,,N$294,,GND,,GND,N$522,N$495,,N$536,,N$371,,NC,,N$368,,N$372,,N$376,,N$357,,N$331,N$329,N$300,,N$307,,-6V,,-30V,,IFSR0
,J,,-30V,,POWER_OK_,GND,VCC,,MB07_,I_IOT_,S_UF,UF_,,MEM03,,MEM_P,,MB03,,GND,,IF0,DF1,SF3,DFSR1,N$490,SF3,+3V(02),N$454,N$425,N$424,IF1,DF1,IB0,N$440,SF0,IFSR1,TS4_,MFTP1,N$471,N$468,N$283,,,,N$294,,,,,,,,N$523,N$504,,N$537,,N$372,,,,,,,,,,N$358,,N$332,N$330,N$327,,N$325,,-6V,,-6V,,IFSR1
,K,,-30V,,,GND,VCC,,MB08_,N$561,ME05_,N$70,,N$703,N$718,,N$710,N$687,MB08_,MB_PARITY_ODD,MB04_,N$465,N$469,N$480,N$478,N$473,ME09_,MEM_EXT,EXT_INST,PC_LOADXSR_ENABLE_,N$426,N$413,N$414,N$439,N$443,N$428,N$430,N$412,N$408,B_EXT_INST,N$461,,,,,,,,,,N$503,,N$513,-6V,N$505,,N$538,,N$373,,,,,,,,,,N$359,,N$333,-6V,N$328,,N$326,,N$306,,,,IFSR2
,L,,-30V,,,GND,VCC,,PWR_SKIP_,N$561,CINT_,N$451,N$421,N$702,N$717,MEM_PARITY_EVEN_,N$709,N$262,MB09_,,MB05_,RIB,N$460,N$473,SF_ENABLE,N$470,RIB,+3V(02),+3V(03),MB10_,RMF_,BF_ENABLE,IF_ENABLE,KEY_LAMFTS0_,N$433,MB_TO_IB,SF_ENABLE,TP3,+3V(04),MB07_,N$467,,N$277,,,,,,,,N$502,,N$512,MB03_,-6V,,N$539,,N$374,N$365,,N$355,,N$359,,N$363,,,N$360,,N$334,MB03_,-6V,NC,-6V,,N$304,,N$544,,SR00
,M,,-30V,,,GND,VCC,,IOP2,UF,UINT,+3V(67),+3V(67),,N$712,,N$708,,MB10_,,MB06_,SF1,IF1,MB07,SF4,+3V(01),SF4,N$455,N$456,RMF_,+3V(03),BF1,IF2,IB1,N$441,MB07,SF1,B_SET,N$407,MB08,N$472,,,,,,N$293,,,,N$501,,N$511,N$503,MB02_,,N$540,,N$375,N$366,,N$356,,N$360,,N$364,,,N$361,,N$335,N$306,MB02_,,MB_PARITY_ODD,,N$302,,-30V,,SR01
,N,,-30V,,,GND,VCC,,RESTART,N$563,N$562,B_EXT_INST,MB06XMB09,,N$719,,N$711,,MB11_,,MB07_,N$462,N$466,N$477,N$476,ME06_,ME10_,N$459,RIB,N$424,SF_ENABLE,N$415,N$416,N$440,N$442,N$431,N$432,N$407,LOAD_BF,N$455,B_EXT_INST,,N$281,,,,N$275,,,,N$500,,N$510,N$499,B_FIELD,,N$541,,N$376,NC,,N$369,,N$373,,N$377,,,N$362,,N$336,N$305,B_FIELD_,,B_FIELD,,N$299,,N$308,,
,P,,GND,,,GND,VCC,,STOP_OK,N$562,N$566,MB07_,N$420,,MEM08,,MEM04,,MB08,,MB04,N$459,RIB,SR_ENABLE,N$473,N$471,RIB,+3V(03),TP3,+3V(03),MB10,DF_ENABLE,BF_ENABLE,KEY_LAMFTS0_,N$491,SR_ENABLE,MB_TO_IB,N$53,N$53,B_EXT_INST,MB08,,,,,,,,,,N$495,,N$506,N$526,N$502,,N$542,,N$377,NC,,N$370,,N$374,,N$378,,,N$363,,N$337,N$333,N$304,,N$544,,N$300,,N$307,,
,R,,GND,,,GND,VCC,,PWR_LOW_,N$563,N$566,MB08_,+3V(66),,MEM09,,MEM05,,MB09,,MB05,DF2,SF2,DFSR2,MB08,+3V(01),SF5,N$457,N$458,N$423,MEM_EXT,DF2,BF2,IB2,PC_LOADXSR_ENABLE_,IFSR2,MB08,LOAD_SF_,LOAD_SF_,MB07,MB07,,,,N$284,,,,,,N$496,,N$507,N$527,N$498,,N$543,,N$378,STROBE_FIELD1,,STROBE_FIELD1,,STROBE_FIELD1,,STROBE_FIELD1,,,N$364,,N$338,N$334,N$303,,N$545,,N$301,,NEG_CLAMP,,SR02
,S,,GND,,POWER_CLEAR_,GND,VCC,,INITIALIZE_,N$564,UINT_,N$420,N$422,,MEM10,,MEM06,,MB10,,MB06,N$468,N$461,N$479,N$474,ME07_,ME11_,N$460,MEM_EXT_AC_LOAD_ENABLE_,MB_TO_IB,N$423,N$417,N$418,N$441,N$489,N$433,N$434,IF_TO_SF,N$264,MB08_,N$456,,,,,,,,,,N$498,,N$508,-6V,N$524,,N$546,,N$365,,SLICE,,SLICE,,SLICE,,SLICE,,N$351,,N$325,-6V,N$331,,N$546,,N$303,,N$545,,SR03
,T,,GND,,,GND,VCC,GND,,GND,+3V(66),GND,N$422,GND,MEM11,GND,MEM07,GND,MB11,GND,MB07,GND,N$460,GND,SF_ENABLE,GND,N$472,GND,,GND,MB06,GND,F_SET_,GND,N$493,GND,SF_ENABLE,GND,+3V(04),GND,N$455,GND,,GND,,GND,,GND,N$295,,N$499,,N$509,GND,N$525,,N$547,,N$366,GND,B_MEM_ENABLE,GND,B_MEM_ENABLE,GND,B_MEM_ENABLE,GND,B_MEM_ENABLE,,N$352,,N$326,GND,N$332,GND,N$547,,N$305,,,,SR04
,U,,GND,,,GND,VCC,RESTART_,SHUT_DOWN_,+3V(62),N$552,+3V(65),MB06XMB09,,N$707,,N$705,,N$692,,N$690,+3V(66),IF2,,SF5,+3V(11),+3V(02),,,+3V(01),EXT_INST,,E_SET_,,EXT_GO,+3V(03),SF2,+3V(19),KEY_LAMFTS0_,N$457,N$456,,,,,,,,,,,,,,-6V,,,,,,,,MEM01,,MEM03,,MEM05,,,,,,-6V,,,,-6V,,-6V,,SR05
,V,,N$269,,,GND,VCC,,,,SINT,+3V(67),RMF_,,N$706,,N$704,,N$691,,N$689,+3V(09),N$467,,N$475,,ME08_,,,+3V(02),N$421,,N$445,,N$491,+3V(04),N$435,+3V(20),N$425,N$458,N$457,,,,,,,,,,,,,,-30V,,,,,,,,,,,,,,,,,,-30V,,-30V,,-6V,,-6V,,SR06

B,A,,,,VCC,,,MB07_,VCC,CLEAR_IF_,VCC,MB07,VCC,MB03_,VCC,MEM03,VCC,MEM09,VCC,,VCC,+3V(08),VCC,MB00,VCC,MB06,VCC,MA00_,VCC,MA06_,VCC,N$411,VCC,CLEAR_IF_,VCC,CLEAR_DF_,VCC,+3V(20),VCC,JMP_,VCC,N$273,VCC,B_POWER_CLEAR_,VCC,,VCC,,VCC,,,B_INHIBIT,VCC,B_INHIBIT,VCC,,,,,MEM_ENABLE_,VCC,MEM06,VCC,MEM08,VCC,MEM10,VCC,,,,,B_INHIBIT,VCC,B_INHIBIT,VCC,,,,,,VCC
,B,,,,,,,MB08_,,N$558,,MB06XMB09,,MB04_,,+3V(05),,+3V(06),,,,N$412,,+3V(08),,+3V(10),,+3V(12),,+3V(15),,N$410,,IB_TO_IF,,N$489,,IF_TO_SF,,JMS_,,+3V(21),,MEM_START,,,,,,,,,,,,,,,,+3V(21),,MEM_BEGIN_,-15V,MEM_BEGIN_,-15V,MEM_BEGIN_,-15V,,,,,,,,,,-15V,,-15V,,
,C,,GND,,GND,,,B_EXT_INST,GND,N$556,GND,CUF_,GND,MB05,GND,N$715,GND,N$717,GND,,GND,IF_ENABLE_,GND,+3V(08),GND,+3V(10),GND,+3V(12),GND,+3V(15),GND,N$409,GND,N$444,GND,N$483,GND,IF0,GND,DEFER,GND,N$274,GND,N$272,GND,,GND,,GND,,,,GND,,GND,,N$504,,N$391,+3V(21),GND,,GND,,GND,,GND,,N$387,,N$349,,GND,,GND,,GND,,GND,,GND
,D,,GND,,,GND,VCC,CINT_,MB11_,+3V(64),IB_TO_IF,CUF_,EXT_GO,N$693,MB06_,MEM02,MEM01,MEM08,+3V(06),,MEM_DONE_,MANUAL_PRESET_,N$412,+3V(08),MB01,+3V(10),MB07,+3V(12),MA01_,+3V(15),MA07_,+3V(18),N$413,+3V(19),IB_TO_IF,+3V(19),N$489,+3V(20),IF_TO_SF,DF_ENABLE_,DF_ENABLE_,N$272,N$297,+3V(21),N$274,,,,,,,MB05_,MB04_,MB09_,MB08_,,N$505,,N$392,+3V(21),+3V(21),STROBE_FIELD0,N$387,STROBE_FIELD0,N$386,STROBE_FIELD0,N$381,,N$388,,N$350,MB05_,MB04_,MB09_,MB08_,,Y_RW_SOURCE,,X_RW_RETURN,,SR07
,E,,GND,,,GND,VCC,MB08,OP2,UB,N$560,RMF_,N$553,IOP4,MB07_,+3V(05),+3V(05),+3V(06),MEM_P,,STROBE_,,DF_ENABLE_,MCBMB00_,+3V(08),MCBMB06_,+3V(10),BMA00,+3V(13),BMA06,+3V(16),EA0,N$414,IF0,N$443,DF0,N$484,SF0,IF1,N$429,N$403,MEM_START,+3V(21),,EA2,,,,,,-6V,N$511,B_FIELD,N$519,B_FIELD,,N$522,,N$393,B_MEM_ENABLE,+3V(22),,N$388,,N$385,,N$382,,N$389,,N$348,N$309,B_FIELD_,N$318,B_FIELD_,,-6V,,GND,,SR08
,F,,GND,,,GND,VCC,MB06XMB09,+3V(64),,+3V(65),N$553,N$557,+3V(07),MB08_,N$714,N$713,N$718,N$720,,,IF_ENABLE,MANUAL_PRESET_,MB02,+3V(08),MB08,+3V(10),MA02_,+3V(13),MA08_,+3V(16),N$416,N$415,IF0_,+3V(19),DF0_,+3V(19),,+3V(20),N$427,B_SET_,N$273,N$296,MEM_ENABLE_,+3V(21),,,,,,,N$507,N$510,N$515,N$518,,N$523,,N$394,FIELD,+3V(22),,N$391,,N$395,,N$399,,N$390,,N$347,N$315,N$312,N$324,N$317,,N$280,,N$279,,SR09
,H,,GND,,,GND,VCC,MB07_,N$548,,UF,PC_LOADXSR_ENABLE_,CUF_,N$697,N$694,MEM00,MEM07,N$693,+3V(06),,,N$412,,+3V(08),+3V(08),+3V(11),+3V(10),+3V(14),+3V(13),+3V(16),+3V(16),N$417,+3V(18),IB_TO_IF,IF1,N$489,DF1,N$264,SF1,N$428,IF_ENABLE_,+3V(21),N$271,N$285,FIELD,,,,,,GND,N$530,N$506,N$538,N$514,,N$524,,N$395,+3V(22),FIELD_,,N$392,,N$396,,N$400,,N$386,,N$346,N$337,N$316,N$344,N$321,,-30V,,-30V,,SR10
,J,,GND,,N$269,GND,VCC,N$552,UINT,,UF_,N$557,+3V(62),N$699,N$697,+3V(05),+3V(05),+3V(07),N$694,,RUN,B_SET_,DF_ENABLE,+3V(08),MCBMB01_,+3V(11),MCBMB07_,+3V(14),BMA01,+3V(16),BMA07,N$418,EA1,N$442,IF1_,N$485,DF1_,IF2,,N$438,N$430,N$294,+3V(21),GND,FIELD_,,,,,,,N$531,N$528,N$539,N$536,,N$525,,N$396,+3V(22),B_FIELD,,,,,,,,N$385,,N$345,N$338,N$335,N$343,N$346,,-30V,,-30V,,SR11
,K,,GND,,N$269,GND,-15V,TP2E_,TP3,,INITIALIZE_,N$558,CUF,+3V(07),IOP1,N$716,N$711,N$695,N$696,,,MANUAL_PRESET_,,+3V(08),MB03,+3V(11),MB09,+3V(14),MA03_,+3V(16),MA09_,+3V(18),B_FETCH,+3V(19),CLEAR_IB_,+3V(19),+3V(19),+3V(20),+3V(20),N$433,N$431,N$298,N$272,MEM_BEGIN_,B_POWER_CLEAR_,,,,,,N$521,-6V,N$529,-6V,N$537,,N$526,,N$397,+3V(22),INHIBIT_,,,,,,,,N$383,,N$344,-6V,N$336,-6V,N$345,,N$311,,N$320,,KEY_ST_
,L,,GND,,,GND,-15V,TP2E_,SINT,,TP3,CUF,N$554,INITIALIZE_,MP_INT_,MEM06,MEM05,N$695,N$698,,,,,MCBMB02_,+3V(09),MCBMB08_,+3V(12),BMA02,+3V(14),BMA08,+3V(17),EA2,MB03_,IF2,LOAD_IB,DF2,LOAD_BF,SF2,N$264,N$434,N$432,EA0_,CLEAR_IFDFBF_,READ,MEM_FINISH,,,,,,N$520,MB07_,-6V,MB11_,-6V,,N$527,,N$398,BB_FIELD_,+3V(22),N$389,,N$383,,N$379,,,N$384,,N$343,MB07_,-6V,MB11_,-6V,,N$310,,N$319,,KEY_LA_
,M,,-6V,,-6V,GND,-15V,PC_LOAD_,N$567,,N$564,MB08,N$555,N$699,MP_SKIP_,+3V(05),+3V(05),N$696,+3V(07),,,BF_ENABLE,,MB04,+3V(09),MB10,+3V(12),MA04_,+3V(14),MA10_,+3V(17),EA0,MB04,IF2_,N$438,DF2_,EXT_DATA_ADD0,,DF0,N$435,N$437,EA1_,IF_TO_SF,,GND,,,,,,N$519,N$513,MB06_,N$521,MB10_,,N$528,,N$399,N$282,+3V(22),N$390,,N$384,,N$380,,,N$381,,N$342,N$311,MB06_,N$320,MB10_,,N$309,,N$318,,KEY_DP_
,N,,-6V,,,GND,-15V,N$569,,IF_TO_SF,+3V(65),N$554,N$556,N$700,N$700,N$708,N$709,N$698,N$697,,,,,+3V(09),+3V(09),+3V(12),+3V(12),+3V(14),+3V(14),+3V(17),+3V(17),+3V(18),MB05_,LOAD_IB,+3V(19),LOAD_BF,+3V(20),N$264,+3V(20),N$436,N$482,N$271,CLEAR_IB_,MEM_FINISH,N$296,,,,,,N$518,N$509,B_FIELD,N$517,B_FIELD,,N$529,,N$400,+3V(22),+3V(22),N$393,,N$397,,N$401,,,N$382,,N$341,N$313,B_FIELD_,N$322,B_FIELD_,,N$312,,N$317,,
,P,,-6V,,,GND,-15V,N$563,,UF,UINT,S_UF,UB,,+3V(07),MEM04,MEM11,CLR_PARITY_ERROR_,MP_INT_,,,,,+3V(09),MCBMB03_,+3V(12),MCBMB09_,+3V(14),BMA03,+3V(17),BMA09,+3V(18),N$452,N$437,IB0,EXT_DATA_ADD1,BF0,DF1,SF3,N$478,N$481,CLEAR_IFDFBF_,CLEAR_IFDFBF_,GND,,,N$283,,N$283,,N$514,N$534,N$512,N$542,N$520,,N$530,,N$401,+3V(22),B_INHIBIT,N$394,,N$398,,N$402,,,N$379,,N$340,N$348,N$310,N$340,N$319,,N$316,,N$321,,
,R,,-6V,,N$268,GND,-15V,N$563,,+3V(63),N$565,SF_ENABLE,KEY_LAMFTS0_,,+3V(07),+3V(06),+3V(06),MP_INT,N$701,,,,,+3V(09),MB05,+3V(12),MB11,+3V(14),MA05_,+3V(17),MA11_,+3V(18),EA1,+3V(19),,+3V(20),,+3V(20),,N$477,N$480,IF_TO_SF,IF_TO_SF,N$298,INHIBIT_,,FIELD_,,FIELD,,N$515,N$535,N$508,N$543,N$516,,N$531,,N$402,+3V(22),FIELD,STROBE_FIELD1,,STROBE_FIELD1,,STROBE_FIELD1,,,N$380,,N$339,N$347,N$314,N$339,N$323,,N$315,,N$324,,KEY_EX_
,S,,-6V,,N$267,GND,-15V,N$565,,S_UF,N$569,N$555,N$559,,CLR_PARITY_ERROR_,N$710,N$719,MP_INT_,MP_INT,,,,,MCBMB04_,+3V(10),MCBMB10_,+3V(12),BMA04,+3V(15),BMA10,+3V(17),EA0_,+3V(18),IB1,LOAD_IB,BF1,LOAD_BF,SF4,N$264,N$476,N$483,CLEAR_IF_,CLEAR_DF_,WRITE,,,STROBE_FIELD0,,STROBE_FIELD1,,N$516,-6V,N$532,-6V,N$540,,,,,MEM_BEGIN_,+3V(22),,SLICE,,SLICE,,SLICE,,,,N$268,-6V,N$349,-6V,N$342,,N$314,,N$323,,KEY_CONT_
,T,,-6V,,,GND,-15V,GND,USF_,GND,GND,GND,N$559,GND,,GND,MEM10,GND,TP3,,,GND,,GND,+3V(10),GND,+3V(12),GND,+3V(15),GND,+3V(17),GND,+3V(18),GND,N$436,GND,EXT_DATA_ADD2,GND,DF2,GND,N$479,GND,POWER_CLEAR_,GND,,,STROBE_,,STROBE_,,N$517,GND,N$533,GND,N$541,,,,,GND,+3V(22),GND,B_MEM_ENABLE,GND,B_MEM_ENABLE,GND,B_MEM_ENABLE,,,,N$267,GND,N$350,GND,N$341,,N$313,,N$322,,KEY_STOP_
,U,,-6V,,,GND,-15V,N$566,SKIP_,,N$567,+3V(64),+3V(63),,,+3V(05),+3V(06),+3V(06),MEM_PARITY_EVEN_,,,,,,+3V(10),+3V(12),+3V(12),+3V(14),+3V(15),+3V(16),+3V(17),+3V(18),+3V(18),,+3V(19),,+3V(20),,+3V(20),N$484,N$474,+3V(21),POWER_CLEAR_,,,,MEM_FINISH,,,,,,-6V,,-6V,,,,,+3V(22),+3V(22),,MEM07,,MEM09,,MEM11,,,,,,-6V,,-6V,,-30V,,-30V,,KEY_SS_
,V,,-6V,,-30V,GND,-15V,SKIP_OR,+3V(67),USF_,,+3V(63),N$560,,,MEM_P,N$712,+3V(07),N$701,,TP3,,,,MCBMB05_,+3V(13),MCBMB11_,+3V(15),BMA05,,BMA11,+3V(17),EA1_,,IB2,,BF2,,SF5,N$485,N$475,+3V(25),N$270,,,,MEM_DONE_,,,,,,-30V,,-30V,,,,,,B_FIELD_,,,,,,,,,,,,-30V,,-30V,,-6V,,-6V,,KEY_SI_

C,A,,,,VCC,,VCC,,VCC,,VCC,,VCC,,VCC,,VCC,MEM00,VCC,N$731,VCC,C_SET_,VCC,FIELD_,VCC,,VCC,RIGHT_SHIFT,VCC,RIGHT_SHIFT,VCC,RIGHT_SHIFT,VCC,RIGHT_SHIFT,VCC,+3V(24),VCC,N$622,VCC,N$638,VCC,EAE_ON,VCC,+3V(25),VCC,+3V(26),VCC,+3V(27),VCC,,VCC,,VCC,,,,,,,,VCC,,VCC,,VCC,,VCC,,,,,,,,VCC,,VCC,WRITE,VCC,,VCC
,B,,,,-15V,,-15V,,-15V,,-15V,,-15V,,-15V,,,HS_,,+3V(23),,+3V(23),,+3V(61),,,,ADDER11_,,MQ02,,MQ05,,MQ08,,N$677,,N$610,,N$618,,SC_FULL,,SC_LOAD,,MQ_LOAD,,MQ_LOAD,,,,,,,,,,,,,,,,,,,,,,,,,,,,,,,,LINK_,
,C,,GND,,GND,,GND,,GND,,GND,,GND,,GND,,GND,N$728,GND,TT_SET_,GND,S_SET_,GND,+3V(61),GND,,GND,N$622,GND,N$628,GND,N$634,GND,N$640,GND,SC_FULL,GND,N$623,GND,N$639,GND,SC0_,GND,N$661,GND,N$646,GND,N$652,GND,,GND,,GND,,C24K4,,,,C24K3,,GND,,GND,,GND,,GND,,C24K1,,,,C24K2,,GND,,GND,,GND,IF1_,GND
,D,,-36V,,N$722,,N$722,,N$722,,N$722,,N$722,,B_LINE_HOLD_,,BTP3,N$728,TT_LINE_SHIFT_,+3V(23),+3V(23),N$731,N$730,+3V(61),N$458,,,AC_TO_MQ_ENABLE,B_LEFT_SHIFT,AC_TO_MQ_ENABLE,B_LEFT_SHIFT,AC_TO_MQ_ENABLE,BB_LEFT_SHIFT,AC_TO_MQ_ENABLE,BB_LEFT_SHIFT,+3V(24),+3V(24),N$646,N$624,N$654,N$640,N$659,EAE_ON,+3V(25),SC_LOAD,+3V(26),MQ_LOAD,+3V(27),MQ_LOAD,,BB_FIELD,,BB_FIELD,,C24J4,,,,C24J3,,B_FIELD,,B_FIELD,,BB_FIELD_,,BB_FIELD_,,C24J1,,,,C24J2,,B_FIELD_,,B_FIELD_,+3V(42),READ,IF2_,
,E,,GND,,N$734,,N$737,,N$739,,N$740,,N$736,,,,,+3V(57),TT_RIGHT_SHIFT_ENABLE_,TT_RIGHT_SHIFT_ENABLE,TT_INST_,C,CSR_ENABLE_,BB_FIELD,TS3,N$596,,AC00,MQ01,AC03,MQ04,AC06,MQ07,AC09,MQ10,N$678,N$680,N$626,N$611,N$642,N$619,EAE_ON,N$677,SC0,N$664,MQ00,N$647,MQ06,N$653,,MA06_,,MA06,,C24M4,,,,C24M3,,MA00_,,MA00,,MA06_,,MA06,,C24M1,,,,C24M2,,MA00_,,MA00,N$280,WRITE,,
,F,,SYNC_PUN,,N$734,,N$737,,N$739,,N$740,,N$736,,+3V(57),,,N$729,TT_SHIFT_ENABLE,TT_RIGHT_SHIFT_ENABLE_,TT_INST,HS_,TT_IO_ENABLE_,+3V(43),IOT,N$608,,N$610,N$623,N$613,N$629,N$616,N$635,N$619,N$641,N$679,N$681,N$612,N$625,N$620,N$641,N$679,SC0,SC0_,+3V(25),MQ00_,+3V(26),MQ06_,+3V(27),,MA08,,MA08,,V24L4,,,,V24L3,,MA02,,MA02,,MA08,,MA08,,V24L1,,,,V24L2,,MA02,,MA02,,X_RW_SOURCE,SC4_,
,H,,FEED_HOLE,,N$734,,N$737,,N$739,,N$740,,N$736,,+3V(57),,+3V(57),TT_SHIFT_ENABLE,N$729,N$742,+3V(23),TS2,TT_RIGHT_SHIFT_ENABLE,INITIALIZE,IOT,N$597,N$607,RIGHT_SHIFT,AC_TO_MQ_ENABLE,RIGHT_SHIFT,AC_TO_MQ_ENABLE,RIGHT_SHIFT,AC_TO_MQ_ENABLE,RIGHT_SHIFT,AC_TO_MQ_ENABLE,SC3,+3V(24),N$627,N$647,N$643,N$655,SC1_,N$658,SC_LOAD,SC1,MQ_LOAD,MQ01,MQ_LOAD,MQ07,,MA07,,MA07,,C24P4,,,,C24P3,,MA01,,MA01,,MA07,,MA07,,C24P1,,,,C24P2,,MA01,,MA01,,,,
,J,,HOLE1,,N$722,,N$722,,N$722,,N$722,,,,LINE_HOLD_,,TP3,+3V(57),N$727,+3V(23),N$743,N$730,TS2,+3V(61),MEM_EXT_IO_ENABLE_,EAE_TP,,MQ00,AC01,MQ03,AC04,MQ06,AC07,MQ09,AC10,SC4,NORM,N$648,N$628,N$656,N$644,N$668,EAE_ON,N$665,SC1_,N$648,MQ01_,N$654,MQ07_,,C24J4,,C23J4,,C24N4,,,,C24N3,,C24J3,,C23J3,,C24J1,,C23J1,,C24N1,,,,C24N2,,C24J2,,C23J2,,,,DF0_
,K,,HOLE8,,N$735,,N$738,,N$722,,N$741,,,,B_C_,,B_MEM_TO_LSR,TT_SHIFT_ENABLE_,MEM_INH9_11_,N$733,N$744,TS3,N$728,+3V(61),INT_OK,,,N$624,N$611,N$630,N$614,N$636,N$617,N$642,N$620,N$680,NORM_,N$630,N$613,N$659,N$621,EAE_ON,N$678,+3V(25),+3V(25),+3V(26),+3V(26),+3V(27),+3V(27),,C24K4,,C23K4,,C24S4,,,,C24S3,,C24K3,,C23K3,,C24K1,,C23K1,,C24S1,,,,C24S2,,C24K2,,C23K2,X_RW_SOURCE,,,
,L,,HOLE7,,N$735,,N$738,,N$722,,N$741,,,,,,,N$726,R0,TT_L_DISABLE,N$746,MB09,S,INITIALIZE_,TS4,,,B_LEFT_SHIFT,RIGHT_SHIFT,B_LEFT_SHIFT,RIGHT_SHIFT,BB_LEFT_SHIFT,RIGHT_SHIFT,BB_LEFT_SHIFT,RIGHT_SHIFT,N$662,EAE_ON,N$614,N$629,N$658,N$645,N$681,SC1,SC2,SC_LOAD,MQ02,MQ_LOAD,MQ08,MQ_LOAD,,V24L4,,C23L4,,C24R4,,,,C24R3,,V24L3,,C23L3,,V24L1,,C23L1,,C24R1,,,,C24R2,,V24L2,,C23L2,+3V(42),N$278,,SC3_
,M,,HOLE6,,N$735,,N$738,,N$722,,N$741,,,,C_,,,+3V(57),+3V(57),TT_INST_,N$747,TT_INST,TT_LINE_SHIFT_,N$270,INT_STROBE_,,,MQ02,MQ01,MQ05,MQ04,MQ08,MQ07,MQ11,MQ10,N$663,SC4_,N$631,N$649,N$660,N$657,SC2_,N$671,SC2_,N$666,MQ02_,N$649,MQ08_,N$655,,C24M4,,C23M4,,C23K4,,,,C23K3,,C24M3,,C23M3,,C24M1,,C23M1,,C23K1,,,,C23K2,,C24M2,,C23M2,N$279,READ,,SC1_
,N,,HOLE5,,,,,,,,,,,,+3V(57),,+3V(57),N$727,R0_,TT_CYCLE_,TT_DATA,TT_IO_ENABLE_,TS3,N$270,+3V(61),,,N$625,N$626,N$631,N$632,N$637,N$638,N$643,N$644,N$667,N$662,N$650,N$632,N$661,N$668,N$669,EAE_ON,SC_LOAD,+3V(25),MQ_LOAD,+3V(26),MQ_LOAD,+3V(27),,C24N4,,C23N4,,C23J4,,,,C23J3,,C24N3,,C23N3,,C24N1,,C23N1,,C23J1,,,,C23J2,,C24N2,,C23N2,,WRITE,IF0_,SC2_
,P,,HOLE4,,,,,,,,,,,,+3V(57),,MEM_TO_LSR_,TT_CARRY_INSERT,TT_CARRY_INSERT_S_,LINE_,C,MB03,S,N$270,LOAD_SF_,,N$597,AC_TO_MQ_ENABLE,B_LEFT_SHIFT,AC_TO_MQ_ENABLE,B_LEFT_SHIFT,AC_TO_MQ_ENABLE,BB_LEFT_SHIFT,AC_TO_MQ_ENABLE,BB_LEFT_SHIFT,MB_TO_SC_ENABLE,SC0_3_0_,N$634,N$615,N$669,N$671,SC3_,N$680,N$667,SC3,N$650,MQ03,N$656,MQ09,,C24P4,,C23P4,,C23M4,,,,C23M3,,C24P3,,C23P3,,C24P1,,C23P1,,C23M1,,,,C23M2,,C24P2,,C23P2,,Y_RW_SOURCE,,DF2_
,R,,HOLE3,,HOLE8,,HOLE6,,HOLE4,,HOLE3,,HOLE1,,,,,+3V(57),+3V(57),S,N$745,MB04_,C_SET_,N$270,,,,AC02,MQ03,AC05,MQ06,AC08,MQ09,AC11,N$682,MB11_,+3V(24),N$616,N$633,N$672,N$674,EAE_ON,SC2,+3V(25),SC3_,+3V(26),MQ03_,+3V(27),MQ09_,,C24R4,,C23R4,,C23L4,,,,C23L3,,C24R3,,C23R3,,C24R1,,C23R1,,C23L1,,,,C23L2,,C24R2,,C23R2,,,,
,S,,HOLE2,,HOLE7,,HOLE5,,FEED_HOLE,,HOLE2,,,,BSTLR,,B_DC_INST,TT_CARRY_INSERT_,TT_CARRY_INSERT_S,N$746,N$747,MB05_,TT_CARRY_INSERT_S_,B_POWER_CLEAR_,,,N$596,N$612,N$627,N$615,N$633,N$618,N$639,N$621,N$645,N$663,SC0_3_0,N$635,N$651,N$675,N$664,SC4,N$672,SC4,EAE_TP,MQ04,MQ_LOAD,MQ10,MQ_LOAD,,C24S4,,C23S4,,C23P4,,,,C23P3,,C24S3,,C23S3,,C24S1,,C23S1,,C23P1,,,,C23P2,,C24S2,,C23S2,Y_RW_SOURCE,,DF1_,SC0_
,T,,FEED_HOLE,,,,,,,,,,,,MEM_DONE_,,,GND,,GND,LINE_,GND,MB06_,GND,,GND,,GND,MB_TO_SC_ENABLE,GND,MB_TO_SC_ENABLE,GND,MB_TO_SC_ENABLE,GND,MB_TO_SC_ENABLE,GND,ADDER_L_,GND,N$636,GND,N$670,GND,EAE_ON,GND,EAE_COMPLETE_,GND,N$651,GND,N$657,,Y_RW_SOURCE,,Y_RW_SOURCE,,C23N4,,,,C23N3,,X_RW_SOURCE,,X_RW_SOURCE,,Y_RW_SOURCE,,Y_RW_SOURCE,,C23N1,,,,C23N2,,X_RW_SOURCE,,X_RW_SOURCE,GND,,,
,U,,PUN_FEED_SWITCH_,,,,,,,,,,,,S,,+3V(57),,,,+3V(23),N$742,MB07_,+3V(61),,,,,MB07_,,MB08_,,MB09_,,MB10_,+3V(24),+3V(24),N$652,N$617,N$665,N$673,N$670,SC3,SC4_,EAE_RUN,MQ04_,+3V(26),MQ10_,+3V(27),,,,,,C23S4,,,,C23S3,,,,,,,,,,C23S1,,,,C23S2,,,,,,N$276,,
,V,,+3VC01,,-36V,,-36V,,-36V,,-36V,,-36V,,TS1,,DC_INST_,,,,N$745,N$743,MB08_,+3V(08),,,,,N$660,,N$674,,N$675,,N$676,,ADDER_L,N$653,N$637,N$666,N$676,N$673,SC4_,,EAE_END,MQ05_,MQ05,MQ11_,MQ11,,NEG_CLAMP,,NEG_CLAMP,,C23R4,,,,C23R3,,NEG_CLAMP,,NEG_CLAMP,,NEG_CLAMP,,NEG_CLAMP,,C23R1,,,,C23R2,,NEG_CLAMP,,NEG_CLAMP,,NEG_CLAMP,,

D,A,,,,,,VCC,,,LHS_,VCC,,VCC,N$725,VCC,,VCC,S,VCC,TT_INST,VCC,+3V(23),VCC,DIV_LAST,VCC,EAE_ACBAR_ENABLE_,VCC,EAE_RUN,VCC,AC00_,VCC,+3V(30),VCC,EAE_IR1,VCC,B_EAE_ON,VCC,SC2,VCC,MQ_LOW_AC0,VCC,N$574,VCC,SC1,VCC,MUY,VCC,EAE_IR_CLEAR_,VCC,,VCC,,VCC,,,,,,,,VCC,,VCC,,VCC,,VCC,,,,,,,,VCC,,VCC,+3V(22),VCC,WORD_COUNT_,
,B,,-15V,,,,-15V,,,LHS_,,,,HS,,,,TS2,,+3V(23),,TP4,,DVI,,B_EAE_ON,,EAE_TP,,AC01,,N$571,,DVI_,,EAE_IR0,,SC3,,MID_AC0,,N$576,,SC2,,SC1,,N$600,,,,,,,,,,,,,,,,,,,,,,,,,,,,,,,,DEFER_,
,C,,,,GND,,GND,,GND,LHS_,GND,,GND,C_NO_SHIFT_,GND,,GND,MEM09,GND,+3V(23),GND,S_SET_,GND,DIV_LAST_,GND,EAE_AC_ENABLE_,GND,EAE_TP_,GND,N$579,GND,N$574,GND,B_EAE_ON,GND,EAE_IR1,GND,SC4,GND,AC03_,GND,N$575,GND,SC3,GND,SC3,GND,MB08,GND,,GND,,GND,,D18R3,,,,D18R4,,GND,,GND,,GND,,GND,,D18R2,,,,D18R1,,GND,,GND,,GND,,
,D,,RD_HOLE1,,,,X_AXIS,,B_LINE_HOLD_,LHS_,B_R0_,,,N$725,STORE_,,,N$726,TS3,MB10,S,MANUAL_PRESET_,TP4,N$587,DIV_LAST_,EAE_INST,MQ10,EAE_TP_,OPR,AC01_,+3V(29),+3V(30),+3V(30),EAE_RIGHT_SHIFT_ENABLE_,N$579,N$592,MB05,N$678,N$419,AC02_,EAE_RIGHT_SHIFT_ENABLE_,LOW_AC0,MUY_DVI_,SC4,EAE_TP_,SC4,+3V(32),+3V(32),N$600,,BB_FIELD,,BB_FIELD,,D18S3,,,,D18S4,,B_FIELD,,B_FIELD,,BB_FIELD_,,BB_FIELD_,,D18S2,,,,D18S1,,B_FIELD_,,B_FIELD_,+3V(42),READ,INT_ENABLE_,OPR_
,E,,RD_HOLE2,,,,Y_AXIS,,BTP3,LHS,B_R0_,N$4,,HS_,+3V(58),N$289,,N$733,C,S_SET_,+3V(58),S_,C_SET_,+3V(28),MQ10_,MB09,DIV_LAST,EAE_START_,B_EXECUTE,AC00,N$577,N$572,N$573,SC1,N$578,MB11,OP2,SC0_3_0,N$406,N$578,B_EAE_ON,N$577,EAE_ON_,N$677,SC1_,DIV_LAST,+3V(32),EAE_IR0,MB09,,MA03_,,MA03,,D18N3,,,,D18N4,,MA09_,,MA09,,MA03_,,MA03,,D18N2,,,,D18N1,,MA09_,,MA09,N$280,+3V(22),CURRENT_ADDRESS_,BREAK_
,F,,RD_HOLE3,,,,Z_AXIS,,GND,,B_R0_,LH_TO_HS,,CSR_ENABLE_,N$725,N$291,,IOT,MB11_,TS2,MB10,S,MANUAL_PRESET_,N$589,N$587,N$591,N$588,N$607,N$602,N$580,MQ_LOW_AC0,N$576,N$575,DVI,N$580,OP2,MB11,ADDER_L,N$568,EAE_IR0_,N$582,MB11,OPR,N$593,SC2_,DVI,SC0_3_0,EAE_IR0_,+3V(32),,MA05,,MA05,,D18P3,,,,D18P4,,MA11,,MA11,,MA05,,MA05,,D18P2,,,,D18P1,,MA11,,MA11,,X_RW_RETURN,RUN_,
,H,,RD_HOLE4,,,,,,B_MEM_TO_LSR,,B_R0_,,N$3,+3V(58),+3V(58),,N$288,+3V(58),TT_CARRY_INSERT_C_,N$729,MB11_,,C_,EAE_RIGHT_SHIFT_ENABLE_,LEFT_SHIFT_,EAE_ON_,N$683,EAE_BEGIN,N$606,EAE_IR0_,+3V(29),N$404,AC01_,SC2,NORM,MB06,N$593,SC4_,N$570,N$586,DIV_LAST_,MB07,B_EXECUTE,+3V(31),SC3_,GND,SC4_,N$600,EAE_IR1,,MA04,,MA04,,D18L3,,,,D18L4,,MA10,,MA10,,MA04,,MA04,,D18L2,,,,D18L1,,MA10,,MA10,,,,IOT_
,J,,RD_HOLE5,,,,,,GND,,R0,,,N$3,N$291,,,DC_INST_,,MEM_INH9_11_,C_SET_,,C,B_EAE_ON,+3V(28),+3V(28),+3V(28),SCL_,N$602,EAE_IR1,EAE_COMPLETE_,N$405,AC02,N$582,DIV_LAST_,N$598,AC00,N$404,SC1,B_EAE_ON,EAE_LEFT_SHIFT_ENABLE_,MB04_,N$581,+3V(31),SC0_3_0_,GND,MQ11,MB10,EAE_IR1_,,D18J3,,D19J3,,D18M3,,,,D18M4,,D18J4,,D19J4,,D18J2,,D19J2,,D18M2,,,,D18M1,,D18J1,,D19J1,,,,
,K,,RD_HOLE6,,,,,,B_C_,,,,,MEM_TO_LSR_,N$290,,,TT_CARRY_INSERT_C_,,S,IOT,,+3V(57),LEFT_SHIFT_,B_LEFT_SHIFT,B_EAE_ON,EAE_INST,EAE_SET_,EAE_BEGIN,MUY_DVI_,N$590,DIV_LAST,N$419,B_EAE_ON,N$582,MB07,ASR_ENABLE,AC03_,SC4,N$584,MQ01,OP2,MQ00_,+3V(31),N$598,SC_FULL,ADDER_L_,+3V(32),B_POWER_CLEAR_,,D18K3,,D19K3,,D18J3,,,,D18J4,,D18K4,,D19K4,,D18K2,,D19K2,,D18J2,,,,D18J1,,D18K1,,D19K1,X_RW_RETURN,,,
,L,,RD_HOLE7,,,,,,GND,,,,,S,+3V(58),,,TT_CARRY_INSERT_S_,,TT_INCREMENT_,N$733,,LH_TO_HS,N$608,DIV_LAST_,N$684,OPR,AC01,NORM_,N$590,N$581,N$685,N$686,N$583,B_EAE_ON,EAE_INST,EAE_IR2_,MQ_LOW_AC0,SC2,EAE_MEM_ENABLE_,SC1,AC_TO_MQ_ENABLE_,MQ01_,MQ_ENABLE,+3V(31),SC0,ADDER_L,EAE_IR2,N$607,,D18L3,,D19L3,,D18K3,,,,D18K4,,D18L4,,D19L4,,D18L2,,D19L2,,D18K2,,,,D18K1,,D18L1,,D19L1,+3V(42),N$278,,JMP_
,M,,RD_HOLE8,,,,,,BSTLR,,,,,N$285,N$287,,,LINE_HOLD_,,R0_,N$744,,LHS,+3V(28),EAE_RUN,EAE_INST,B_EXECUTE,AC02_,NMI,EAE_RUN_,+3V(29),DVI,+3V(30),DVI,EAE_NO_SHIFT_ENABLE,TP3,ASR_L_SET_,MID_AC0,N$405,B_FETCH,DIV_LAST,MQ04_,MQ02_,+3V(31),+3V(31),+3V(32),MQ11_,EAE_IR2_,N$609,,D18M3,,D19M3,,D19R3,,,,D19R4,,D18M4,,D19M4,,D18M2,,D19M2,,D19R2,,,,D19R1,,D18M1,,D19M1,N$279,READ,PAUSE_,AND_
,N,,S_FEED_HOLE,,,,,,GND,,,,,N$287,N$288,,,TT_CARRY_INSERT,C_,C,B_FETCH,,+3V(57),N$604,N$603,EAE_E_SET_,EAE_EXECUTE_,N$568,N$606,N$609,MB_TO_SC_ENABLE,N$686,N$688,EAE_ACBAR_ENABLE_,SC0_3_0_,N$594,MQ00_,N$406,EAE_IR0_,OPR,DVI,MQ05_,MQ03_,+3V(31),+3V(31),NMI,+3V(32),N$608,+3V(32),,D18N3,,D19N3,,D19S3,,,,D19S4,,D18N4,,D19N4,,D18N2,,D19N2,,D19S2,,,,D19S1,,D18N1,,D19N1,,+3V(22),FETCH_,
,P,,BA_,,PEN_RIGHT,,,,B_DC_INST,,,,,+3V(58),+3V(58),,,STORE_,TT_INST_,TS3,TT_INST_,,HS,EAE_TP_,TP3,MB09_,SC0_3_0,+3V(29),TP3,+3V(29),MQ11_,MUY_,DVI_,EAE_ACBAR_ENABLE_,N$585,B_EAE_ON,N$686,EAE_IR0_,EAE_IR1_,MB03,N$586,MQ06_,N$571,EAE_TG,SC_ENABLE,N$570,+3V(32),EAE_ON,EAE_ON,,D18P3,,D19P3,,D19N3,,,,D19N4,,D18P4,,D19P4,,D18P2,,D19P2,,D19N2,,,,D19N1,,D18P1,,D19P1,,Y_RW_RETURN,ISZ_,
,R,,BA,,PEN_LEFT,,,,GND,,,,N$4,LH_TO_HS,N$2,,N$289,+3V(58),S_,MB11,R0,,HS_,MFTS2_,EAE_BEGIN,MB10_,SC4_,N$601,EAE_INST,AC_TO_MQ_ENABLE_,MUY,+3V(30),+3V(30),N$591,N$588,N$688,B_EAE_ON,EAE_IR1,EAE_IR2,MB11,EAE_IR0,MQ07_,MQ08_,N$594,EAE_TG,EAE_COMPLETE_,+3V(32),EAE_START_,EAE_ON_,,D18R3,,D19R3,,D19P3,,,,D19P4,,D18R4,,D19R4,,D18R2,,D19R2,,D19P2,,,,D19P1,,D18R1,,D19R1,,,EXECUTE_,DCA_
,S,,BB_,,DRUM_UP,,,,,,,,,N$5,N$3,,,TT_IO_ENABLE_,TT_L_DISABLE,STORE_,C,,,N$605,N$595,N$684,SC_0_,N$600,N$601,AC_TO_MQ_ENABLE,N$584,MUY,DVI,N$592,N$583,MQ00,EAE_MQ0_ENABLE_,EAE_IR2_,SCL_,N$683,EAE_IR1_,N$572,MQ09_,MQ_LOAD,N$599,N$589,DVI_,EAE_RUN,N$605,,D18S3,,D19S3,,D19L3,,,,D19L4,,D18S4,,D19S4,,D18S2,,D19S2,,D19L2,,,,D19L1,,D18S1,,D19S1,Y_RW_RETURN,,JMS_,
,T,,BB,,DRUM_DOWN,,,,LHS_,GND,,GND,,GND,S,GND,,GND,N$732,GND,TS3,GND,,GND,+3V(28),GND,SC_0_,GND,TP3,GND,N$592,GND,NMI_,GND,SCL_,GND,,GND,EAE_IR0_,GND,EAE_IR2_,GND,MQ10_,GND,+3V(31),GND,N$682,GND,N$603,,X_RW_RETURN,,X_RW_RETURN,,D19M3,,,,D19M4,,Y_RW_RETURN,,Y_RW_RETURN,,X_RW_RETURN,,X_RW_RETURN,,D19M2,,,,D19M1,,Y_RW_RETURN,,Y_RW_RETURN,GND,,,TAD_
,U,,PWR,,PEN_UP,,,,GND,,,,,+3V(58),TP1,,,N$732,TP3,+3V(23),MB11,,,+3V(28),LEFT_SHIFT_,,MQ11_,,NMI,+3V(29),+3V(29),+3V(30),+3V(30),EAE_L_DISABLE,TP3,EAE_MQ0BAR_ENABLE_,,MUY_,EAE_IR1,,EAE_INST,,MQ11_,+3V(26),N$595,MQ11,MQ11_,EAE_RUN_,N$604,,,,,,D19J3,,,,D19J4,,,,,,,,,,D19J2,,,,D19J1,,,,,,N$276,,
,V,,RDR_FEED_SWITCH,,PEN_DOWN,,LIGHT_PEN,,B_R0_,,,,,,N$2,,,TT_AC_LOAD_,+3V(58),+3V(57),LINE_HOLD_,,,,BB_LEFT_SHIFT,,N$685,,N$599,,ASR_ENABLE,,NMI,EAE_START_,EAE_BEGIN,,,DVI_,EAE_IR2,,NMI_,,N$573,+3V(27),SC_LOAD,MQ10,N$585,,EAE_TG,,NEG_CLAMP,,NEG_CLAMP,,D19K3,,,,D19K4,,NEG_CLAMP,,NEG_CLAMP,,NEG_CLAMP,,NEG_CLAMP,,D19K2,,,,D19K1,,NEG_CLAMP,,NEG_CLAMP,,NEG_CLAMP,,

E,A,,VCC,,VCC,,VCC,,VCC,,VCC,,VCC,,VCC,,VCC,S_,VCC,,VCC,KEY_LA_,VCC,N$15,VCC,MB10,VCC,MEM_IDLE,VCC,MFTP2,VCC,,VCC,,VCC,STROBE_,VCC,MANUAL_PRESET_,VCC,N$6,VCC,IR0_,VCC,AND_,VCC,MANUAL_PRESET_,VCC,EAE_ON_,VCC,N$140,VCC,TP3,VCC,TS2,VCC,+3V(37),VCC,TS3,VCC,GND,VCC,N$94,VCC,N$110,VCC,+3V(42),VCC,AND_ENABLE,VCC,AND_ENABLE,VCC,AND_ENABLE,VCC,AND_ENABLE,VCC,AND_ENABLE,VCC,AND_ENABLE,VCC,MB05_,VCC
,B,,,,,,-15V,,-15V,,-15V,,-15V,,-15V,,-15V,TP1,,,,+3V(33),,+3V(33),,MB11_,,PAUSE_,,KEY_LA_,,,,,,TP4,,TP2,,N$51,,IR1_,,+3V(55),,TP4,,ADDER_L_,,EAE_MQ0BAR_ENABLE_,,JMP,,B_EXECUTE,,MB05_,,+3V(38),,+3V(39),,+3V(39),,+3V(41),,TP4,,ADDER11,TT_LINE_SHIFT_,ADDER00,TT_LINE_SHIFT_,ADDER02,TT_LINE_SHIFT_,ADDER04,TT_LINE_SHIFT_,ADDER06,TT_LINE_SHIFT_,ADDER08,TT_LINE_SHIFT_,AC05_,
,C,,GND,,GND,,GND,,GND,,GND,,GND,,GND,,GND,N$1,GND,,GND,KEY_LA,GND,N$16,GND,OP2,GND,RUN,GND,N$20,GND,,GND,,GND,+3V(35),GND,GND,GND,N$50,GND,IR2,GND,AND,GND,F_SET,GND,N$140,GND,EAE_MQ0_ENABLE_,GND,MB03_,GND,+3V(37),GND,OP1,GND,DEFER,GND,+3V(39),GND,+3V(39),GND,+3V(41),GND,BREAK_OK_,GND,ADDER_L_,GND,ADDER01,GND,ADDER03,GND,ADDER05,GND,ADDER07,GND,ADDER09,GND,PC04_,GND
,D,,MB03_,,,,,,,,,,,,,,,N$5,S_,,,KEY_ST_,KEY_DP_,IO_START_,EAE_END,UF_,,N$19,RESTART_,N$20,N$19,,,,,MANUAL_PRESET_,GND,STROBE_,TP3,+3V(35),N$51,TAD_,IR0_,TAD_,ISZ_,N$52,TP4,DEFER,IR0,E25D1,INT_SYNC,B_FETCH,+3V(37),ISZ,WORD_COUNT,MB07,TS2,JMP,B_EXECUTE,+3V(39),OP2,+3V(39),+3V(39),N$109,+3V(41),N$116,TP2,DOUBLE_RIGHT_ROTATE,RIGHT_SHIFT,DOUBLE_RIGHT_ROTATE,RIGHT_SHIFT,DOUBLE_RIGHT_ROTATE,RIGHT_SHIFT,DOUBLE_RIGHT_ROTATE,RIGHT_SHIFT,DOUBLE_RIGHT_ROTATE,RIGHT_SHIFT,DOUBLE_RIGHT_ROTATE,RIGHT_SHIFT,PC05_,MB03_
,E,MB04_,KCC_,MB04_,MB03_,,,,,,,,,,,,,N$1,N$285,,MFTP1,RESTART_,+3V(33),EAE_START_,IO_END_,KEY_SISTOP,,N$135,MFTS1,N$19,N$21,N$14,,N$22,,TS1,GND,TS2,GND,IR0_,MEM01,IR0_,IR1_,+3V(55),+3V(55),,D_SET,JMP_,IR1,TT_SET_,INT_INHIBIT_,TP1,TP3,TS1,+3V(37),MFTS2,B_EXECUTE,TS2,+3V(38),TS1,+3V(39),DOUBLE_RIGHT_ROTATE,+3V(39),MA_LOAD,N$750,ADD_ACCEPTED_,N$119,NO_SHIFT,ADDER00,NO_SHIFT,ADDER02,NO_SHIFT,ADDER04,NO_SHIFT,ADDER06,NO_SHIFT,ADDER08,NO_SHIFT,ADDER10,MA05_,MA03_
,F,MB05_,KEYBOARD_FLAG_,MB06,MB05_,,,,,,,,,,,,,E09F1,N$286,,MFTS2,KEY_ST,KEY_DP,N$15,N$17,F_SET,,N$125,KEY_STEXDP,MEM_START,TP4,N$18,,TP2,,TS1_,MEM_DONE_,,N$24,IR0,+3V(35),IR1,IR2_,TAD,ISZ,FETCH_,+3V(36),N$54,IOT_OPR_,CURRENT_ADDRESS_,INT_DELAY,PC_INCREMENT,N$93,PC_INCREMENT,+3V(37),KEY_ST,CARRY_OUT0,N$68,JMS,PC_INCREMENT,AC_TO_MQ_ENABLE_,+3V(40),+3V(40),+3V(41),N$96,,+3V(42),ADDER01,LEFT_SHIFT,ADDER03,LEFT_SHIFT,ADDER05,LEFT_SHIFT,ADDER07,LEFT_SHIFT,ADDER09,LEFT_SHIFT,ADDER11,LEFT_SHIFT,MQ04_,MB02_
,H,MB06_,MB07,ENABLE_,MB07_,,,,,,,,,,,,,N$290,MEM_ENABLE5_8,,MFTS2_,KEY_DP_,+3V(33),IO_END,KEY_EXDP_,KEY_EXDP,,MB10,N$64,MFTP2,STROBE_,,N$17,N$748,E09F1,N$18,MEM_IDLE,TP4,TS3,N$51,IR1,IR2_,AND_,JMS_,DCA_,TP4,DEFER,N$59,TP4,WORD_COUNT_,INT_OK_,TP3,B_EXECUTE,OP1,+3V(37),+3V(37),ISZ,+3V(38),+3V(38),TS4,MB04_,TT_RIGHT_SHIFT_ENABLE_,N$90,+3V(41),N$97,INT_STROBE,WC_OVERFLOW_,DOUBLE_LEFT_ROTATE,ADDER02,DOUBLE_LEFT_ROTATE,ADDER04,DOUBLE_LEFT_ROTATE,ADDER06,DOUBLE_LEFT_ROTATE,ADDER08,DOUBLE_LEFT_ROTATE,ADDER10,DOUBLE_LEFT_ROTATE,E25D1,MQ05_,AC03_
,J,MB08,TTI2,,MB08_,,,,,,,,,,,,,N$286,MEM_INH9_11_,,MFTS1,KEY_EX_,KEY_SS_,+3V(33),KEY_LA_,MFTS0,,CLEAR_IFDFBF_,KEY_ST_,KEY_CONT,+3V(34),,,TP3,,GND,,GND,TS3_,MEM02,IR1_,ISZ_,IR0_,+3V(55),+3V(55),E_SET,DEFER_,+3V(36),INT_OK,N$59,IOT_OPR_,TT_CARRY_INSERT,MFTP2,MB11,MFTS2,TT_L_DISABLE,IO_ENABLE,GND,DCA,WORD_COUNT,IO_ENABLE,N$91,DOUBLE_LEFT_ROTATE,+3V(41),PC_LOAD,N$23,,,ADDER03,,ADDER03,,ADDER03,,ADDER09,,ADDER09,,ADDER00,AC02_,PC00_
,K,TTI2,TT0_,ENABLE,ENABLE,,,,,,,,,,,,,N$292,N$58,,MFTS1_,KEY_EXDP,KEY_SS,IO_END_,KEY_LAEXDP,STOP_OK,,TP3,RESTART_,N$21,TP1,,,,,N$16,B_POWER_CLEAR_,INT_STROBE_,INITIALIZE_,+3V(35),MANUAL_PRESET_,IR0,IR1,JMS,DCA,+3V(36),MANUAL_PRESET_,SPECIAL_CYCLE_,N$6,N$104,B_FETCH,MFTP2,KEY_ST,N$80,KEY_EXDP,+3V(38),IO_SKIP,TS4,B_EXECUTE,MFTS2,AC_CLEAR_,EAE_RIGHT_SHIFT_ENABLE_,+3V(40),N$112,EAE_TP_,MANUAL_PRESET_,+3V(42),MA_LOAD,,MA_LOAD,,MA_LOAD,,MA_LOAD,,MA_LOAD,,MA_LOAD,,MB04_,MA02_
,L,TT3_,IOP4,ENABLE_,AC06,,,,,,,,,,,,,,+3V(58),,B_POWER_CLEAR_,KEY_STOP_,KEY_EXDP,+3V(33),RESTART,POWER_OK_,,EAE_SET_,KEY_EXDP_,TP2,INT_STROBE,,,,,,TP3,TS4,IOP1_CLR,IR2,TP1,IR1_,IR2,TP2,JMP_,,TP4,AC00,N$100,N$101,MB03,KEY_LAEXDP,IO_STROBE,SKIP_OR,CA_INCREMENT,EAE_L_DISABLE,N$106,CURRENT_ADDRESS,BREAK,KEY_EXDP,OP1,RIGHT_SHIFT,+3V(40),MB_LOAD,N$95,,N$122,MA01_,MA01,MA03_,MA03,MA05_,MA05,MA07_,MA07,MA09_,MA09,MA11_,MA11,MA04_,MQ03_
,M,TT4_,TTI_DATA,,AC07,,,,,,,,,,,,,,IOP1_,,MFTS0,KEY_SI_,+3V(33),SLOW_CYCLE_,MFTP1,KEY_SS,,SLOW_CYCLE_,KEY_STEXDP,+3V(34),+3V(34),,,,N$22,PAUSE_,N$11,TS4_,GND,IR2_,BRK_RQST,IR2_,DCA_,B_FETCH,+3V(36),EXECUTE_,WC_SET,MB05,+3V(36),N$102,D_SET_,TP3,IOT,TS3,CURRENT_ADDRESS,MB05,MB08_,TS4,DATA_IN,TS3,N$84,N$88,N$92,AND_ENABLE_,TT_AC_LOAD_,INT_SYNC,INT_ENABLE_,MA00_,MA00,MA02_,MA02,MA04_,MA04,MA06_,MA06,MA08_,MA08,MA10_,MA10,AC04_,MQ01_
,N,TTI_CLOCK,TT7_,+3V(33),+3V(33),,,,,,,,,,,,,,BIOP1,,,KEY_SISTOP,KEY_EXDP_,SLOW_CYCLE,N$53,+3V(34),,N$25,N$25,N$24,INT_STROBE_,,,,,N$111,+3V(35),IOP2_CLR,IOP1_SET_,IO_END,+3V(35),JMS_,IR0,EAE_IR_CLEAR_,JMP,TP4,+3V(36),N$104,N$103,N$105,MB11_,DEFER,+3V(37),B_EXECUTE,+3V(37),OP1,N$107,DEFER,MFTS3,B_EXECUTE,+3V(39),N$83,EAE_LEFT_SHIFT_ENABLE_,N$79,MEM_EXT_AC_LOAD_ENABLE_,N$123,INT_ENABLE,,PC_LOAD,,PC_LOAD,,PC_LOAD,,PC_LOAD,,PC_LOAD,,PC_LOAD,PC03_,MQ02_
,P,,TT5_,,AC04,,,,,,,,,,,,,+3V(58),+3V(58),,RUN_,N$120,+3V(33),N$266,WORD_COUNT_,+3V(34),,IOP4_SET_,EAE_END,TP3,+3V(34),,,,,N$108,RUN,GND,IOP1,GND,BRK_SYNC,IR0,IR1,EAE_IR_CLEAR_,OPR_,WORD_COUNT,WORD_COUNT,+3V(36),+3V(36),N$113,N$105,JMP,TP3,JMS,TS2,MB07_,OP2,JMP_,+3V(38),JMS,TS2,TT_CARRY_INSERT_,LEFT_SHIFT,ADD_,AC_LOAD,MB11_,,,PC01_,,PC03_,,PC05_,,PC07_,,PC09_,,PC11_,MB01_,PC02_
,R,TTI_DATA,TT1_,,AC05,,,,,,,,,,,,,IOP2_,IOP4_,,RESTART_,+3V(69),KEY_CONT_,+3V(33),N$117,N$11,,IOP2_SET_,IO_END_,SLOW_CYCLE,IO_START_,,N$14,,,PC_LOAD_,RUN_,IOP2_SET_,IOP1_,IO_START_,,IR1_,IR2_,+3V(36),+3V(36),+3V(36),WORD_COUNT_,N$99,N$98,TP2E_,OP2,N$96,B_FETCH,N$82,MEMORY_INCREMENT,L_ENABLE,MB08,N$57,+3V(38),N$62,B_EXECUTE,C_NO_SHIFT_,AND_ENABLE_,EAE_AC_ENABLE_,+3V(42),0_TO_INT_ENAB_,INT_DELAY,MB_LOAD,PC00_,MB_LOAD,PC02_,MB_LOAD,PC04_,MB_LOAD,PC06_,MB_LOAD,PC08_,MB_LOAD,PC10_,MB00_,MA01_
,S,,TT2_,IOP4,AC09,,,,,,,,,,,,,BIOP2,BIOP4,,N$7,IOP124_,KEY_CONT,TT_SKIP_,N$118,,,IOP1_SET_,INT_STROBE,IO_START_,N$29,,,,,SKIP_,,IOP2,IOP4_CLR,IO_ON,,IR2,I_IOT_,N$51,OPR,CURRENT_ADDRESS,TP4,MID_AC0,LOW_AC0,N$115,N$107,TP1,OPR,,BREAK,,MB11_,,KEY_DP,MB04_,DCA,NO_SHIFT,+3V(40),AC_ENABLE,+3V(42),INT_ENABLE_,AC_LOAD,MB01_,MB01,MB03_,MB03,MB05_,MB05,MB07_,MB07,MB09_,MB09,MB11_,MB11,PC01_,MQ00_
,T,GND,TT6_,GND,AC10,,,,,,,,,,,,,GND,IOP124_,,MFTP0,GND,BREAK,GND,+3V(33),GND,,GND,MFTS0,GND,N$13,GND,,GND,,GND,,GND,GND,GND,,GND,IR0,GND,I_IOT_,GND,B_SET,GND,LINK,GND,TP3,GND,N$95,GND,N$81,GND,N$108,GND,N$68,GND,N$79,GND,+3V(40),GND,N$72,GND,N$128,GND,MB00,GND,MB02,GND,MB04,GND,MB06,GND,MB08,GND,MB10,,AC01_
,U,,READER_RUN_,AC11,AC08,,,,,,,,,,,,,,IO_ON,,,,MEMORY_INCREMENT,,N$265,,,N$46,MFTS1_,+3V(34),+3V(34),,,,N$748,,,IOP2_,IOP4_SET_,,,JMP_,IR1,+3V(36),+3V(36),CURRENT_ADDRESS_,+3V(36),+3V(32),MB07,N$111,B_FETCH,INT_OK,KEY_ST,,,,,,,MB06,MB06_,+3V(39),+3V(40),+3V(41),EAE_ACBAR_ENABLE_,INT_ENABLE,+3V(42),AC_LOAD,MB00_,AC_LOAD,MB02_,AC_LOAD,MB04_,AC_LOAD,MB06_,AC_LOAD,MB08_,AC_LOAD,MB10_,,MA00_
,V,,KCC_,,TX_DATA,,,,,,,,,,,,,,IO_PC_ENABLE_,,,,N$117,,TT_INT_,,,N$13,MFTS2_,+3V(35),MFTS3,,,,,,,IOP4_,IOP4,,,OPR_,IR2,+3V(31),,BREAK_,BREAK,,N$102,N$113,OPR,MFTP2,0_TO_INT_ENAB_,,,,,,,MB04,N$84,+3V(40),AND_ENABLE,+3V(42),ACBAR_ENABLE,LINK_,LINK,AC01,AC01_,AC03,AC03_,AC05,AC05_,AC07,AC07_,AC09,AC09_,AC11,AC11_,,AC00_

F,A,,VCC,,VCC,,VCC,,VCC,,VCC,,VCC,,VCC,,VCC,B_FETCH,VCC,,VCC,IR0,VCC,,VCC,,VCC,,VCC,,VCC,,VCC,,VCC,,VCC,N$12,VCC,+3V(43),VCC,N$118,VCC,+3V(44),VCC,N$103,VCC,OP1_,VCC,OP1_,VCC,MB09,VCC,TS3,VCC,TAD,VCC,MEM_ENABLE0_4,VCC,N$749,VCC,ADD_,VCC,N$89,VCC,N$130,VCC,AC00,VCC,AC02,VCC,AC04,VCC,AC06,VCC,AC08,VCC,AC10,VCC,MB11_,VCC
,B,,,,,,,,-15V,,-15V,,-15V,,-15V,,,MB03_,,,,IR1,,,,,,,,,,,,,,,,MEM_EXT_,,N$114,,CARRY_OUT0,,MEM00,,MID_AC0,,TT_SHIFT_ENABLE_,,+3V(44),,OP1,,JMP,,TS3,,+3V(45),,+3V(45),,N$57,,+3V(48),,ASR_L_SET_,,AC00_,ADDER_L_,AC02_,ADDER02,AC04_,ADDER04,AC06_,ADDER06,AC08_,ADDER08,AC10_,ADDER10,AC11_,
,C,,GND,,GND,,GND,,GND,,GND,,GND,,GND,,GND,MB04,GND,,GND,IR2_,GND,,GND,,GND,,GND,,GND,,GND,,GND,,GND,TT_INST_,GND,N$116,GND,N$119,GND,N$50,GND,LOW_AC0,GND,EAE_NO_SHIFT_ENABLE,GND,OP1,GND,MB10,GND,B_FETCH,GND,B_EXECUTE,GND,MEM_ENABLE0_4_,GND,+3V(45),GND,STORE_,GND,CARRY_INSERT_,GND,+3V(48),GND,SR_ENABLE,GND,SR_ENABLE,GND,SR_ENABLE,GND,SR_ENABLE,GND,SR_ENABLE,GND,SR_ENABLE,GND,PC10_,GND
,D,GND,IOP1,,IOP2,,,,,,,,,,,,B_MEM_START,MB05_,MB06_,,MFTP2,UF_,INT_INHIBIT_,,,,,,,,,,,,,,,PROCESSOR_IOT_,KEY_LA_,STROBE_,N$36,KEY_LAEXDP,N$121,F_SET_,MFTP2,MB06,INT_OK_,+3V(44),MA00_,CA_INCREMENT_,N$78,N$90,MB08,MB03_,TS4,ADD_,MEM_ENABLE5_8,D_SET_,DATA_IN_,+3V(45),IOP124_,EAE_MEM_ENABLE_,EAE_MEM_ENABLE_,MFTP1,TP4,RIGHT_SHIFT,+3V(48),GND,SR01,GND,SR03,GND,SR05,GND,SR07,SC1,SR09,SC3,SR11,PC11_,MB09_
,E,,TT_AC_CLR_,,INITIALIZE,,,,,,,,,,,,,,MB09,,STROBE_,IOT_,N$497,N$47,,N$31,,N$34,,N$38,,N$41,,N$44,,N$49,,SLOW_CYCLE_,KEY_ST_,MANUAL_PRESET_,MB11,RUN_,+3V(43),+3V(44),KEY_ST,N$101,N$54,N$83,MA01_,+3V(44),TT_INCREMENT_,MB08,OP1,N$61,N$60,TS2,MEM_ENABLE0_4_,E_SET_,+3V(45),PC_ENABLE,MEM_EXT_IO_ENABLE_,MEM_ENABLE0_4,N$61,KEY_STEXDP,+3V(48),ADDER10,TT_SHIFT_ENABLE,SR00,GND,SR02,GND,SR04,GND,SR06,GND,SR08,GND,SR10,TT_CARRY_INSERT_S,MA11_,MA09_
,F,,INITIALIZE,,+3V(33),,,,,,,,,,,,,+3V(69),IOT,,+3V(49),+3V(69),CUF_,IO_STROBE,,N$32,,N$35,,F15F1,,N$42,,F17F1,,IO_END,,INT_STROBE,KEY_EXDP_,N$114,IOP1_SET_,KEY_LAEXDP_,N$122,F_SET,N$52,IOT_OPR_,N$55,MA04_,MA02_,CA_INCREMENT,N$87,OP1,MB10,OPR,INT_OK_,B_EXECUTE,MB04,N$60,DATA_IN,N$67,+3V(45),N$74,MEM_ENABLE0_4_,N$110,N$109,DOUBLE_RIGHT_ROTATE,TT_INST_,MQ_ENABLE,SC_ENABLE,MQ_ENABLE,SC_ENABLE,MQ_ENABLE,SC_ENABLE,MQ_ENABLE,SC_ENABLE,MQ_ENABLE,SC_ENABLE,MQ_ENABLE,SC_ENABLE,MQ10_,MB08_
,H,,TTI_SKIP_,,IOP1,,,,,,,,,,,,N$20,+3V(69),+3V(68),,,IOP1_,CUF_,,N$46,N$30,N$29,N$33,N$32,N$37,N$35,N$40,F15F1,N$43,N$42,N$48,F17F1,N$124,KEY_CONT_,N$39,N$45,INT_STROBE,N$127,E_SET,D_SET_,B_FETCH,EAE_E_SET_,MA05_,MA03_,N$77,N$75,MB10_,N$94,TS3,PC_ENABLE_,JMS,N$74,+3V(45),+3V(45),+3V(45),TT_IO_ENABLE_,N$62,N$73,+3V(48),OP1,ADDER_L_,TT_DATA,MQ00,AC_ENABLE,MQ02,AC_ENABLE,MQ04,AC_ENABLE,MQ06,AC_ENABLE,MQ08,AC_ENABLE,MQ10,AC_ENABLE,MQ11_,AC09_
,J,,IOP2,+3V(33),TTO_SKIP_,,HZ880,,,,,,,,,,N$19,+3V(69),N$451,,,IOP2_,INT_INHIBIT,,,N$36,,IOP1_CLR,,N$39,,IOP2_CLR,,N$45,,IOP4_CLR,,N$125,N$7,MB10,MB09,B_FETCH,+3V(43),+3V(44),+3V(44),JMP_,E_SET,MA06_,N$78,TT_INCREMENT_,TT_INCREMENT_,N$91,MB09,B_FETCH,N$73,INT_SKIP_ENABLE_,F_SET_,N$76,AC_CLEAR,+3V(46),IO_ENABLE,+3V(46),MEM_ENABLE5_8,TP2,MB06,NO_SHIFT,LINK,N$160,ACBAR_ENABLE,N$133,ACBAR_ENABLE,CARRY_OUT6_,ACBAR_ENABLE,N$132,ACBAR_ENABLE,N$136,ACBAR_ENABLE,CARRY_INSERT_,ACBAR_ENABLE,AC08_,PC06_
,K,,,,TELEPRINTER_FLAG_,,TTO_CLOCK_,,,,,,,,,,BTP2,IO_PC_ENABLE_,N$64,,,IOP4_,N$58,,,,,,,,,,,,,,,N$135,TTI_SKIP_,IOP2_SET_,IOP4_SET_,N$121,N$123,E_SET_,D_SET,MB03_,E_SET_,MA07_,AC00_,N$86,N$85,MB08_,OP1,MB03,AUTO_INDEX_,TS2,EAE_E_SET_,OP2,AC_CLEAR_,+3V(46),N$69,+3V(47),N$62,N$112,N$72,ADDER00,L_ENABLE,INPUT_BUS00,CARRY_OUT0_,INPUT_BUS02,N$160,INPUT_BUS04,N$133,INPUT_BUS06,CARRY_OUT6_,INPUT_BUS08,N$132,INPUT_BUS10,N$136,MB10_,MA08_
,L,,,,,,,,,,,,,,,,,,INT_SKIP_ENABLE_,,,N$120,EAE_MEM_ENABLE_,,,,,,,,,,,,,,,N$127,TTO_SKIP_,N$9,IPC_ENABLE,+3V(43),MB10_,BREAK_OK_,WC_SET_,N$55,BRK_SYNC,N$77,AC01_,MA08,N$107,OP1,MB10_,N$76,N$82,BREAK,TT_SET_,TS4,N$66,DATA_ENABLE,+3V(45),MA_ENABLE0_4,+3V(47),TS4,IO_PC_LOAD,LEFT_SHIFT,LINK_,DATA_ENABLE,IO_ENABLE,DATA_ENABLE,IO_ENABLE,DATA_ENABLE,IO_ENABLE,DATA_ENABLE,IO_ENABLE,DATA_ENABLE,IO_ENABLE,DATA_ENABLE,IO_ENABLE,MA10_,MQ09_
,M,,RX_DATA,,,,,,,,,,,,,,,,PC_ENABLE_,,,INT_SKIP_ENABLE_,N$61,,,,N$30,,,,N$37,,,,N$43,,,PWR_LOW_,PWR_SKIP_,+3V(43),+3V(43),INT_OK_,MB11_,+3V(44),+3V(44),SPECIAL_CYCLE_,SPECIAL_CYCLE_,AC04_,AC02_,DEFER,+3V(44),MB09_,N$92,N$87,N$81,DATA_IN,N$65,BREAK_OK,EAE_ACBAR_ENABLE_,N$71,+3V(45),FETCH_,+3V(47),N$65,+3V(48),ADDER01,LBAR_ENABLE,INPUT_BUS01,DATA00,INPUT_BUS03,DATA02,INPUT_BUS05,DATA04,INPUT_BUS07,DATA06,INPUT_BUS09,DATA08,INPUT_BUS11,DATA10,AC10_,MQ07_
,N,,,OUT_STOP2_,OUT_STOP2_,,,,,,,,,,,,N$24,,TT_CARRY_INSERT_,,,IO_PC_ENABLE_,N$73,,,,,,,,,,,,,,,UINT_,+3V(43),N$12,N$749,INT_OK,N$124,BREAK_OK,WC_SET,BREAK_OK_,D_SET_,AC05_,AC03_,N$75,N$106,N$88,TP3,N$86,TT_CARRY_INSERT_,N$67,OP2,N$69,LBAR_ENABLE,N$70,+3V(45),+3V(47),+3V(47),PC_ENABLE_,N$750,DOUBLE_LEFT_ROTATE,AC00,GND,MQ01,GND,MQ03,GND,MQ05,SC0,MQ07,SC2,MQ09,SC4,MQ11,PC09_,MQ08_
,P,,,,TTO_CLOCK_,,HZ880,,,,,,,,,,+3V(68),,IPC_ENABLE,,,PC_ENABLE_,MEM_ENABLE9_11,,,,,,,,,,,,,,,KEYBOARD_FLAG_,N$266,B_FETCH,N$8,N$126,+3V(43),BREAK_OK,N$56,E_SET_,BREAK_OK_,AC06_,N$100,PC_LOAD,TP2,AND,B_EXECUTE,N$85,N$89,ADDER11_,MB11_,KEY_DP,KEY_LA,KEY_LAMFTS0_,DATA_ADD_ENABLE,+3V(47),MA_ENABLE5_11,ADDER11,+3V(48),+3V(48),B_EAE_ON,MA_ENABLE0_4,DATA01,MA_ENABLE0_4,DATA03,MA_ENABLE0_4,DATA05,MA_ENABLE5_11,DATA07,MA_ENABLE5_11,DATA09,MA_ENABLE5_11,DATA11,MB07_,PC08_
,R,+3V(33),IN_STOP_2_,,,,TTI_CLOCK,,,,,,,,,,,,,,,+3V(69),INT_RQST,,,,,,,,,,,,,,,TELEPRINTER_FLAG_,IOT,IOT,B_POWER_CLEAR_,+3V(43),N$134,WC_SET_,CURRENT_ADDRESS_,D_SET_,MB05_,AC07_,AC08_,+3V(45),B_EXECUTE,TS3,JMS,MEM_ENABLE0_4,OPR,EAE_ON_,MB09,MFTS3,MFTS0,+3V(46),+3V(46),+3V(47),EXECUTE_,+3V(48),N$137,N$128,ASR_ENABLE,MEM00,MA_ENABLE0_4,MEM02,MA_ENABLE0_4,MEM04,MA_ENABLE5_11,MEM06,MA_ENABLE5_11,MEM08,MA_ENABLE5_11,MEM10,MA_ENABLE5_11,MB06_,MA07_
,S,,,,+3V(33),,,,,,,,,,,,,,,,,N$80,+3V(69),,,,,,N$33,,,,N$40,,,,N$48,N$265,B_FETCH,N$9,INITIALIZE,N$125,N$135,N$56,B_SET,F_SET_,MB06_,N$99,AC09_,PC_LOAD_,TP2E_,B_EXECUTE,N$97,AUTO_INDEX_,TS3,TT_INST_,OSR_,N$71,KEY_LAMFTS0_,SR_ENABLE,+3V(46),B_FETCH,+3V(47),ADDER11_,N$129,N$137,EAE_IR2_,DATA_ADD00,PC_ENABLE,DATA_ADD02,PC_ENABLE,DATA_ADD04,PC_ENABLE,DATA_ADD06,PC_ENABLE,DATA_ADD08,PC_ENABLE,DATA_ADD10,PC_ENABLE,PC07_,MQ06_
,T,GND,CLOCK_SCALE_2,GND,,,,,,,,,,,,,,GND,,,,GND,KEY_LAEXDP_,GND,N$47,GND,N$31,GND,N$34,GND,N$38,GND,N$41,GND,N$44,GND,N$49,GND,MB03_,GND,MFTP0,GND,N$125,GND,3_CYCLE,GND,MB07_,GND,AC10_,GND,IO_STROBE,GND,AND_,GND,B_FETCH,GND,FETCH_,GND,OP1,GND,+3V(46),GND,+3V(47),GND,+3V(48),GND,N$137,GND,DATA_ADD_ENABLE,GND,DATA_ADD_ENABLE,GND,DATA_ADD_ENABLE,GND,DATA_ADD_ENABLE,GND,DATA_ADD_ENABLE,GND,DATA_ADD_ENABLE,,AC07_
,U,CLOCK_SCALE_2,,,,,,,,,,,,,,,,+3V(68),,,,+3V(69),F_SET,,,,,,,,,,,,,,,,MB04_,+3V(43),KEY_ST,+3V(52),N$135,+3V(44),BREAK_OK,+3V(55),MB08_,,AC11_,,SKIP_,AND_ENABLE_,TAD_,+3V(37),MB03_,N$130,EAE_EXECUTE_,+3V(38),MB07,+3V(46),MFTP0,+3V(47),+3V(47),,CARRY_OUT0_,CARRY_OUT0,CARRY_OUT0_,DATA_ADD01,MEM_ENABLE0_4,DATA_ADD03,MEM_ENABLE0_4,DATA_ADD05,MEM_ENABLE0_4,DATA_ADD07,MEM_ENABLE5_8,DATA_ADD09,MEM_ENABLE5_8,DATA_ADD11,MEM_ENABLE9_11,,MA06_
,V,,IN_STOP_2_,,,,,,,,,,,,,,,+3V(10),,,,+3V(50),N$23,,,,,,,,,,,,,,,,N$126,+3V(51),N$8,+3V(53),PROCESSOR_IOT_,+3V(54),WC_SET_,+3V(56),N$134,,N$98,,N$115,N$93,DCA_,,OP1_,PC_INCREMENT,TT_CYCLE_,,N$66,+3V(45),MANUAL_PRESET_,+3V(48),B_EXECUTE,,CARRY_OUT0,N$129,ADDER_L_,MEM_ENABLE0_4,MEM01,MEM_ENABLE0_4,MEM03,MEM_ENABLE5_8,MEM05,MEM_ENABLE5_8,MEM07,MEM_ENABLE9_11,MEM09,MEM_ENABLE9_11,MEM11,,AC06_

H,A,,,,,,,,,,,,VCC,,VCC,,VCC,,VCC,,VCC,,VCC,,VCC,,VCC,,VCC,,VCC,,VCC,,VCC,,VCC,,VCC,,VCC,,VCC,,VCC,,VCC,,VCC,,VCC,,VCC,,VCC,,VCC,,VCC,MB11,VCC,,VCC,,VCC,,VCC,,,,VCC,,VCC,,VCC,,VCC,,VCC,,VCC
,B,,,,,,,,,,,,-15V,,-15V,,-15V,,-15V,,-15V,,-15V,,-15V,,-15V,,-15V,,-15V,,-15V,,-15V,,-15V,,-15V,,-15V,,-15V,,-15V,,,,-15V,,-15V,,,,-15V,,,,,,,,,,,,-15V,,,,-15V,,-15V,,-15V,,-15V,,-15V,,-15V
,C,,GND,,GND,,GND,,GND,,GND,,GND,,GND,,GND,,GND,,GND,,GND,,GND,,GND,,GND,,GND,,GND,,GND,,GND,,GND,,GND,,GND,,GND,,GND,,GND,,GND,,GND,,GND,,GND,,GND,IO_BUS_IN_INT_,GND,,GND,,GND,,GND,,GND,,GND,,GND,,GND,,GND,,GND,,GND
,D,,EA0,,BMA06,,MCBMB03_,,MEM_P,,MEM08,,,,BAC00,,BAC03,,BAC06,,BAC09,,BIOP1_,,BTS3,,BMB00,,BMB03_,,BMB04,,BMB06_,,BMB07,,BMB09,,BRUN_,,BBREAK,,,,,,,,X_STROBE,,Y_STROBE,RD_HOLE2,RD_HOLE1,,,AC10,AC11,,MB06_,,CLOCK,,,,INDEX_MARKERS,,,,,,,,,,,,,,,,
,E,,EA1,,BMA07,,MCBMB04_,,MEM00,,MEM09,,,,GND,,GND,,GND,,GND,,GND,,GND,,GND,,GND,,GND,,GND,,GND,,GND,,GND,,GND,,,,,,Z_AXIS,,AC02,,AC02,RD_HOLE4,RD_HOLE3,,,AC08,AC09,,MB05,,,AC00,,ZONE11_INDEX,ZONE12_INDEX,,,,,,,,,,,,,,,,
,F,,GND,,GND,,GND,,GND,,GND,,,,+3V(49),,+3V(49),,+3V(50),,+3V(50),,+3V(51),,+3V(51),,+3V(52),,+3V(52),,+3V(53),,+3V(53),,+3V(54),,+3V(54),,+3V(55),,+3V(55),,,,,,,,AC03,,AC03,RD_HOLE8,RD_HOLE7,,,AC06,AC07,,MB03,,IOP4_,IO_BUS_IN02_,IO_BUS_IN00_,IO_BUS_IN00_,IO_BUS_IN01_,,,,,,,,,,,,,,,,
,H,,EA2,,BMA08,,MCBMB05_,,MEM01,,MEM10,,,,AC00,,AC03,,AC06,,AC09,,IOP1_,,TS3_,,MB00,,MB03_,,MB04,,MB06_,,MB07,,MB09,,RUN_,,BREAK_,,,,,,INITIALIZE,,,,,RD_HOLE6,RD_HOLE5,,,AC04,AC05,,MB04_,IO_BUS_IN_SKIP_,,AC03,,IOT634,IO_BUS_IN02_,,,,,,,,,,,,,,,,
,J,,GND,,GND,,GND,,GND,,GND,,,,+3V(49),,+3V(49),,+3V(50),,+3V(50),,+3V(51),,+3V(51),,+3V(52),,+3V(52),,+3V(53),,+3V(53),,+3V(54),,+3V(54),,+3V(55),,+3V(55),,,,,PEN_STROBE,IOP2,,,,,,,,,,,,PEN_RIGHT,,CLOCK_ENABLE_,IO_BUS_IN06_,IO_BUS_IN04_,,IO_BUS_IN03_,,,,,,,,,,,,,,,,
,K,,BMA00,,BMA09,,MCBMB06_,,MEM02,,MEM11,,,,BAC01,,BAC04,,BAC07,,BAC10,,BIOP2_,,BTS1,,BMB01,,BMB03,,BMB05_,,BMB06,,BMB08_,,BMB10,,BTT_INST_,,BADD_ACCEPTED_,,,,,PEN_STROBE,MB09_,,,,,RDR_RUN_,IO_BUS_IN_SKIP_,,RDR_ENABLE_,N$734,N$739,,MB08,,CLOCK_P4,AC05,,,ZONE01_INDEX,,,,CR_READY,,,,,,,,,,,,
,L,,GND,,GND,,GND,,GND,,GND,,,,GND,,GND,,GND,,GND,,GND,,GND,,GND,,GND,,GND,,GND,,GND,,GND,,GND,,GND,,,,,,,,CLEAR_X_,,CLEAR_Y_,,IO_BUS_IN_INT_,,,N$735,N$740,,PEN_LEFT,MB10,IOP1_,AC07,,,ZONE10_INDEX,,,,,,,,,,,,,,,,
,M,,BMA01,,BMA10,,MCBMB07_,,MEM03,,B_MEM_START,,,,+3V(49),,+3V(49),,+3V(50),,+3V(50),,+3V(51),,+3V(51),,+3V(52),,+3V(52),,+3V(53),,+3V(53),,+3V(54),,+3V(54),,+3V(55),,+3V(55),,,,,,,,AC04,,AC04,,,,,N$737,N$741,,,,MB08,IO_BUS_IN08_,IO_BUS_IN10_,,IO_BUS_IN05_,,,,,,,,,,,,,,,,
,N,,GND,,GND,,GND,,GND,,GND,,,,AC01,,AC04,,AC07,,AC10,,IOP2_,,TS1_,,MB01,,MB03,,MB05_,,MB06,,MB08_,,MB10,,TT_INST_,,ADD_ACCEPTED_,,,,,MB10,LIGHT_PEN,,AC05,,AC05,IO_BUS_IN11_,IO_BUS_IN07_,,,N$738,N$736,,DRUM_UP,MB09_,MB07,,AC09,,IO_BUS_IN04_,,,,,,,,,,,,,,,,
,P,,BMA02,,BMA11,,MCBMB08_,,MEM04,,STROBE_,,,,+3V(49),,+3V(49),,+3V(50),,+3V(50),,+3V(51),,+3V(51),,+3V(52),,+3V(52),,+3V(53),,+3V(53),,+3V(54),,+3V(54),,+3V(55),,TS1_,,,,,MB11,Y_STROBE,,,,,IO_BUS_IN09_,IO_BUS_IN04_,,,,IOP4,,,INITIALIZE_,MB06_,AC11,IO_BUS_IN09_,,ZONE03_INDEX,,,,,,,,,,,,,,,,
,R,,GND,,GND,,GND,,GND,,GND,,,,GND,,GND,,GND,,GND,,GND,,GND,,GND,,GND,,GND,,GND,,GND,,GND,,GND,,,,,,,IOP1,CLEAR_Y_,,,,,IO_BUS_IN06_,IO_BUS_IN10_,,,IOP2,IOP1,,DRUM_DOWN,IOP2_,MB05,AC08,AC10,,ZONE02_INDEX,,,,,,,,,,,,,,,,
,S,,BMA03,,MCBMB00_,,MCBMB09_,,MEM05,,MEM_DONE_,,,,BAC02,,BAC05,,BAC08,,BAC11,,BIOP4_,,BINITIALIZE_,,BMB02,,BMB04_,,BMB05,,BMB07_,,BMB08,,BMB11,,BWC_OVERFLOW,,,,,,,X_STROBE,CLEAR_X_,,AC06,,AC06,IO_BUS_IN08_,IO_BUS_IN05_,,RDR_SHIFT,,INITIALIZE_,,MB07,CLOCK_IOT,MB04_,IO_BUS_IN11_,,,ZONE05_INDEX,,,,,,,,,,,,,,,,
,T,,BMA04,,MCBMB01_,,MCBMB10_,,MEM06,,MB_PARITY_ODD,,,,+3V(49),,+3V(49),,+3V(50),,+3V(50),,+3V(51),,+3V(51),,+3V(52),,+3V(52),,+3V(53),,+3V(53),,+3V(54),,+3V(54),,+3V(55),,,,,,,GND,,,AC07,,AC07,GND,,,RDR_SHIFT_,GND,PUN_FEED_SWITCH_,GND,PEN_UP,GND,MB03_,GND,AC06,GND,,,,,,,,,,,,,,,,,
,U,,GND,,GND,,GND,,GND,,GND,,,,AC02,,AC05,,AC08,,AC11,,IOP4_,,INITIALIZE_,,MB02,,MB04_,,MB05,,MB07_,,MB08,,MB11,,WC_OVERFLOW_,,,,,,,,,,,,,,IOP1,,CLOCK1,N$721,,,,,MB09,IO_BUS_IN05_,AC04,,IO_BUS_IN06_,,,,,,,,,,,,,,,,
,V,,BMA05,,MCBMB02_,,MCBMB11_,,MEM07,,BTP2,,,,+3V(49),,+3V(49),,+3V(50),,+3V(50),,+3V(51),,+3V(51),,+3V(52),,+3V(52),,+3V(53),,+3V(53),,+3V(54),,+3V(54),,+3V(55),,,,,,,,-30V,,,,,,IOP2,,,,SYNC_PUN,,PEN_DOWN,OVERFLOW,LOAD_COUNTER,AC02,IO_BUS_IN07_,,IO_BUS_IN07_,,,,,,,,,,,,,,,,

J,A,,,,,,,,,,,,,,,,,,,,,,,,VCC,IN00,VCC,IN06,VCC,SKIPB,VCC,DA00,VCC,DA06,VCC,D00,VCC,D06,VCC,MEM_INCR,VCC,,VCC,,VCC,,VCC,,VCC,,VCC,,VCC,,VCC,,VCC,,VCC,,VCC,AC01,VCC,,VCC,MB07,VCC,,,,VCC,,VCC,,VCC,,VCC,,VCC,,VCC
,B,,,,,,,,,,,,,,,,,,,,,,,,-15V,IO_BUS_IN00_,-15V,IO_BUS_IN06_,-15V,IO_BUS_IN_SKIP_,-15V,N$202,-15V,N$207,-15V,N$223,-15V,N$217,-15V,N$250,-15V,,-15V,,-15V,,,,-15V,,-15V,,,,-15V,,,,,,,IO_BUS_IN03_,,,,MB05_,,,,,-15V,,-15V,,-15V,,-15V,,-15V,,-15V
,C,,GND,,GND,,GND,,GND,,GND,,GND,,GND,,GND,,GND,,GND,,GND,,GND,+3V(56),GND,TT2_,GND,TT_SKIP_,GND,N$202,GND,N$207,GND,N$223,GND,N$217,GND,N$250,GND,,GND,,GND,,GND,,GND,,GND,,GND,,GND,,GND,,GND,,GND,,GND,,GND,MB03,GND,,GND,,GND,,GND,,GND,,GND,,GND,,GND
,D,,BAC00,,BAC09,,BMB00,,BMB06_,,IN00,,IN09,,DA00,,DA09,,D00,,D09,,EDA2,,,+3V(56),IN01,ME06_,IN07,MP_SKIP_,IRQ,N$202,DA01,N$207,DA07,N$223,D01,N$217,D07,N$250,3CYCLE,,,,,,IOP4,,AC08,,AC08,RDR_SHIFT_,MB03_,,,MB04_,MB05_,,,,CLOCK,IO_BUS_IN01_,,,,MB06,MB04,,ZONE01_INDEX,,,,,,,,,,,,
,E,,BAC01,,BAC10,,BMB01,,BMB06,,IN01,,IN10,,DA01,,DA10,,D01,,D10,,EDA1,,RX_DATA,INPUT_BUS00,IO_BUS_IN01_,INPUT_BUS06,IO_BUS_IN07_,IO_SKIP,IO_BUS_IN_INT_,DATA_ADD00,N$200,DATA_ADD06,N$208,DATA00,N$222,DATA06,N$216,MEMORY_INCREMENT,N$253,,,,,,MB07_,,AC09,,AC09,MB05_,MB04_,,,MB06_,MB07,,IO_BUS_IN_SKIP_,,,,,,ZONE04_INDEX,MB08,MB06_,,ZONE02_INDEX,,,,,,,,,,,,
,F,,GND,,GND,,GND,,GND,,GND,,GND,,GND,,GND,,GND,,GND,,GND,,,IN02,+3V(56),IN08,TT3_,ACCLR,TT_INT_,DA02,N$200,DA08,N$208,D02,N$222,D08,N$216,CA_INCR_,N$253,,,,,,MB03_,,,,,MB07_,MB06_,,,MB08_,MB03_,,IO_BUS_IN_INT_,,CLOCK,,,,,BIOP4,BIOP1,,ZONE03_INDEX,,,,,,,,,,,,
,H,,BAC02,,BAC11,,BMB02,,BMB07_,,IN02,,IN11,,DA02,,DA11,,D02,,D11,,EDA0,,TX_DATA,IO_BUS_IN02_,+3V(56),IO_BUS_IN08_,ME07_,NC,MP_INT_,N$203,N$200,N$209,N$208,N$221,N$222,N$215,N$216,N$254,N$253,,,,,,MB04_,,AC10,,AC10,,MB08,,,,N$722,,IOP1,,,,,,IO_BUS_IN11_,,BIOP2,,INDEX_MARKERS,,,,,,,,,,,,
,J,,GND,,GND,,GND,,GND,,GND,,GND,,GND,,GND,,GND,,GND,,GND,,,+3V(56),INPUT_BUS01,TT4_,INPUT_BUS07,TT_AC_CLR_,INT_RQST,N$203,DATA_ADD01,N$209,DATA_ADD07,N$221,DATA01,N$215,DATA07,N$254,3_CYCLE,,,,,,MB08_,,AC11,,AC11,RDR_SHIFT,,,,,,,,,CLOCK_ENABLE_,MB10,CLOCK,,IO_BUS_IN10_,INDEX_MARKERS,,,ZONE04_INDEX,,,,,,,,,,,,
,K,,BAC03,,BIOP1_,,BMB03_,,BMB07,,IN03,,SKIPB,,DA03,,BRQ,,D03,,3CYCLE,,,,,+3V(56),IN03,ME08_,IN09,CLOCK_AC_CLR_,LINE_IN,N$203,DA03,N$209,DA09,N$221,D03,N$215,D09,N$254,EDA0,,,,,,MB05_,,,,,IOP4,RDR_ENABLE_,,,,,,,,+3V(46),CLOCK_P4,,,ZONE08_INDEX,I_M_D,,,ZONE05_INDEX,,,,,,,,,,,,
,L,,GND,,GND,,GND,,GND,,GND,,GND,,GND,,GND,,GND,,GND,,GND,,,INPUT_BUS02,IO_BUS_IN03_,INPUT_BUS08,IO_BUS_IN09_,AC_CLEAR,N$243,DATA_ADD02,N$204,DATA_ADD08,N$210,DATA02,N$220,DATA08,N$214,CA_INCREMENT_,N$260,,,,,,MB07,,,,,,,,,,,,IOP1_,,,CLOCK_IOT,,,ZONE09_INDEX,,,,ZONE06_INDEX,,,,,,,,,,,,
,M,,BAC04,,BIOP2_,,BMB03,,BMB08_,,IN04,,IRQ,,DA04,,D_IN_,,D04,,CA_INCR_,,,,READER_RUN_,IN04,+3V(56),IN10,TT5_,BRQ,N$243,DA04,N$204,DA10,N$210,D04,N$220,D10,N$214,EDA1,N$260,,,,,,MB06,,,,,RDR_FEED_SWITCH,S_FEED_HOLE,,,,,,IOP2_,,,,CLOCK_AC_CLR_,,IOT632,,,,ZONE07_INDEX,,,,,,,,,,,,
,N,,GND,,GND,,GND,,GND,,GND,,GND,,GND,,GND,,GND,,GND,,GND,,,IO_BUS_IN04_,+3V(56),IO_BUS_IN10_,ME09_,N$246,N$243,N$201,N$204,N$206,N$210,N$219,N$220,N$213,N$214,N$259,N$260,,,,,,MB08,,,,,,STOP_COMPLETE,,,,IO_BUS_IN_SKIP_,,INITIALIZE,,,LOAD_COUNTER,,,IO_BUS_IN09_,INITIALIZE_,IO_BUS_IN_INT_,,ZONE08_INDEX,,,,,,,,,,,,
,P,,BAC05,,BIOP4_,,BMB04_,,BMB08,,IN05,,ACCLR,,DA05,,BBREAK,,D05,,BWC_OVERFLOW,,,,,TT0_,INPUT_BUS03,TT6_,INPUT_BUS09,N$246,LINE_,N$201,DATA_ADD03,N$206,DATA_ADD09,N$219,DATA03,N$213,DATA09,N$259,EXT_DATA_ADD0,,,,,,IO_BUS_IN_INT_,,,,,INITIALIZE_,BA,,RDR_FEED_SWITCH,,,,IOP2,,,MB10_,,,IO_BUS_IN08_,IOT632,IO_BUS_IN_SKIP_,,CR_READ,,,,,,,,,,,,
,R,,GND,,GND,,GND,,GND,,GND,,GND,,GND,,GND,,GND,,GND,,GND,,,+3V(52),IN05,ME10_,IN11,N$246,D_IN_,N$201,DA05,N$206,DA11,N$219,D05,N$213,D11,N$259,EDA2,,,,,,IO_BUS_IN_SKIP_,,,,,BB_,PWR,,STOP_COMPLETE,,,,,,NC,,,ZONE07_INDEX,,IOT634,CR_READY,,C_I_R,,,,,,,,,,,,
,S,,BAC06,,BTS3,,BMB04,,BMB09,,IN06,,BRUN_,,DA06,,BADD_ACCEPTED_,,D06,,EDA2,,,,,INPUT_BUS04,IO_BUS_IN05_,INPUT_BUS10,IO_BUS_IN11_,BRK_RQST,N$245,DATA_ADD04,N$205,DATA_ADD10,N$211,DATA04,N$218,DATA10,N$212,EXT_DATA_ADD1,N$261,,,,,,,,X_AXIS,,Y_AXIS,BA_,CLOCK1,,RDR_RUN_,,IO_BUS_IN_INT_,,,,,OVERFLOW,,ZONE06_INDEX,INITIALIZE_,,CR_READ,,ZONE09_INDEX,,,,,,,,,,,,
,T,,BAC07,,BTS1,,BMB05_,,BMB10,,IN07,,BTT_INST_,,DA07,,MEM_INCR,,D07,,EDA1,,,,,GND,TT1_,GND,TT7_,GND,N$245,GND,N$205,GND,N$211,GND,N$218,GND,N$212,GND,N$261,,,,,GND,,,,,,GND,,,INITIALIZE,GND,,GND,IOP4,,,GND,,GND,,GND,,,ZONE10_INDEX,,,,,,,,,,,,
,U,,GND,,GND,,GND,,GND,,GND,,GND,,GND,,GND,,GND,,GND,,GND,,,,ME05_,,ME11_,,N$245,,N$205,,N$211,,N$218,,N$212,,N$261,,,,,,,,,,,,BB,,,,+3VC01,MB07_,,,,,,I_M_D,,,C_I_R,,ZONE11_INDEX,,,,,,,,,,,,
,V,,BAC08,,BINITIALIZE_,,BMB05,,BMB11,,IN08,,LINE_IN,,DA08,,,,D08,,EDA0,,IO_PC_LOAD,,-30V,,INPUT_BUS05,,INPUT_BUS11,,DATA_IN_,,DATA_ADD05,,DATA_ADD11,,DATA05,,DATA11,,EXT_DATA_ADD2,,,,,,,,,,,,,,,N$721,,MB08_,,,,,,,,,,,ZONE12_INDEX,,,,,,,,,,,,

