"Part";"Value";"Device";"Package";"Description";"MF";"MPN";"OC_FARNELL";"OC_NEWARK";
"AB2";"OPEN";"JP1Q";"JP1";"JUMPER";"";"";"";"";
"AT1";"SHORT";"JP1Q";"JP1";"JUMPER";"";"";"";"";
"BB2";"OPEN";"JP1Q";"JP1";"JUMPER";"";"";"";"";
"BT1";"SHORT";"JP1Q";"JP1";"JUMPER";"";"";"";"";
"C1";".22uF";"C-USC0805";"C0805";"CAPACITOR, American symbol";"";"";"";"";
"C2";".22uF";"C-USC0805";"C0805";"CAPACITOR, American symbol";"";"";"";"";
"C3";".22uF";"C-USC0805";"C0805";"CAPACITOR, American symbol";"";"";"";"";
"C4";".22uF";"C-USC0805";"C0805";"CAPACITOR, American symbol";"";"";"";"";
"C5";"10uF";"C-USC0805";"C0805";"CAPACITOR, American symbol";"";"";"";"";
"C6";"10uF";"C-USC0805";"C0805";"CAPACITOR, American symbol";"";"";"";"";
"E1";"ATF150X100PQFP";"ATF150X100PQFP";"PQFP-100";"ATF150x in 100 pin package.";"";"";"";"";
"OSC1";" ";"QG5460";"DIL08S";"CRYSTAL RESONATOR";"";"";"unknown";"unknown";
"OSC1A";" ";"QG5860";"DIL14S";"CRYSTAL RESONATOR";"";"";"unknown";"unknown";
"R1";" ";"R-US_0207/10";"0207/10";"RESISTOR, American symbol";"";"";"";"";
"R2";" ";"R-US_0207/10";"0207/10";"RESISTOR, American symbol";"";"";"";"";
"SV1";"PROGRAM";"ML10";"ML10";"HARTING";"";"";"unknown";"unknown";
"U$1";"DOUBLE";"DOUBLE";"EDGE-CON4";"Double-Height DEC board";"";"";"";"";
"U$3";"OUTLINE-DOUBLE";"OUTLINE-DOUBLE";"DOUBLE";"Board outlines for DEC boards.";"";"";"";"";
