Designator,Mid X,Mid Y,Layer,Rotation
C5,43.18,81.28,Bottom,0
C4,39.37,78.74,Bottom,0
C2,43.18,83.82,Bottom,0
C17,127,69.85,Top,180
C18,127,92.71,Top,180
C6,43.18,88.9,Bottom,0
C3,34.29,78.74,Bottom,180
R1,135.255,43.18,Top,90
R2,130.81,43.18,Top,90
MMU8L,38.1,82.55,Top,90
MM32K,88.9,82.55,Top,90
C1,34.29,82.55,Bottom,180
C7,34.29,88.9,Bottom,0
C8,34.29,86.36,Bottom,180
C13,93.98,81.28,Bottom,0
C12,90.17,78.74,Bottom,0
C10,93.98,83.82,Bottom,0
C14,93.98,88.9,Bottom,0
C11,85.09,78.74,Bottom,180
C9,85.09,81.28,Bottom,180
C15,85.09,88.9,Bottom,0
C16,85.09,86.36,Bottom,180
R4,17.78,34.29,Top,90
R3,13.97,34.29,Top,90
R5,105.41,120.65,Top,90
R6,109.22,120.65,Top,90
R7,113.03,120.65,Top,90
R8,116.84,120.65,Top,90
R9,120.65,120.65,Top,90
R10,124.46,120.65,Top,90
