Comment,Designator,Footprint,PartNo
0.1uF,C5,C0805,C5378
0.1uF,C4,C0805,C5378
0.1uF,C2,C0805,C5378
0.1uF,C6,C0805,C5378
0.1uF,C3,C0805,C5378
ATF1508-100,E1,TQFP-100,C1521282
0.1uF,C1,C0805,C5378
0.1uF,C7,C0805,C5378
0.1uF,C8,C0805,C5378
5.1K,R4,R0805,C27834
5.1K,R3,R0805,C27834
100,R5,R1206,C17901
100,R6,R1206,C17901
100,R7,R1206,C17901
100,R8,R1206,C17901
100,R9,R1206,C17901
100,R10,R1206,C17901
100nF,C14,C0805,C5378
100nF,C15,C0805,C5378
100nF,C16,C0805,C5378
100nF,C17,C0805,C5378
5.1K,R1,R0805,C27834
5.1K,R2,R0805,C27834
220,R11,R0805,C17557
220,R12,R0805,C17557
1N4148,D1,SOD323-W,C2128
5.1K,R23,R0805,C27834
5.1K,R14,R0805,C27834
470,R16,R0805,C17710
PN2222,Q2,SOT23-EBC,C8512
10uF,C9,C0805,C15850
10uF,C10,C0805,C15850
